[08/19 07:41:23] 전체 데이터셋(자연 비율) 로드 중...
[08/19 07:41:24] 병변 전용 데이터셋 로드 중...
[08/19 07:41:25] 전체 환자 수: 99
[08/19 07:41:25] [Fold 0]
[08/19 07:43:37]   train 환자 59명 (병변슬라이스 242 + 정상대표 242) / val 환자 20명 (자연비율 1060슬라이스) / test 환자 20명 (자연비율 1298슬라이스)
[08/19 07:46:49]     1/  200 (0.0351, 0.0148) (0.9987, 0.9998) (0.3380, 0.2673) (0.9951, 0.9992) * (0.0357, 0.0475) (0.2292, 0.0318) (0.0538, 0.0751) (0.9852, 0.9992) (0.9849, 0.9992) 
[08/19 07:49:49]     2/  200 (0.0116, 0.0117) (0.9978, 0.9996) (0.2313, 0.2258) (0.9921, 0.9988) * (0.1274, 0.0159) (0.5043, 0.0579) (0.1816, 0.0209) (0.9981, 0.9966) (0.9979, 0.9966) 
[08/19 07:52:46]     3/  200 (0.0068, 0.0064) (0.9968, 0.9995) (0.1885, 0.1721) (0.9890, 0.9984) * (0.1485, 0.0187) (0.5311, 0.0690) (0.2107, 0.0255) (0.9983, 0.9971) (0.9982, 0.9971) 
[08/19 07:55:43]     4/  200 (0.0042, 0.0053) (0.9953, 0.9994) (0.1506, 0.1426) (0.9844, 0.9981) * (0.2012, 0.0238) (0.6634, 0.0635) (0.2810, 0.0288) (0.9987, 0.9967) (0.9987, 0.9967) 
[08/19 07:58:41]     5/  200 (0.0030, 0.0091) (0.9940, 0.9992) (0.1225, 0.1246) (0.9803, 0.9975) * (0.2526, 0.0321) (0.6994, 0.0886) (0.3345, 0.0533) (0.9988, 0.9950) (0.9988, 0.9950) 
[08/19 08:01:38]     6/  200 (0.0023, 0.0065) (0.9926, 0.9992) (0.0997, 0.1005) (0.9760, 0.9973) * (0.2529, 0.0260) (0.7244, 0.0775) (0.3411, 0.0333) (0.9989, 0.9957) (0.9989, 0.9957) 
[08/19 08:04:38]     7/  200 (0.0025, 0.0020) (0.9913, 0.9992) (0.0829, 0.0782) (0.9721, 0.9974) * (0.2407, 0.0340) (0.7643, 0.0583) (0.3254, 0.0736) (0.9985, 0.9986) (0.9985, 0.9986) 
[08/19 08:07:36]     8/  200 (0.0026, 0.0034) (0.9895, 0.9990) (0.0691, 0.0624) (0.9663, 0.9968) * (0.2486, 0.0314) (0.7077, 0.0629) (0.3120, 0.0870) (0.9982, 0.9963) (0.9982, 0.9962) 
[08/19 08:10:34]     9/  200 (0.0026, 0.0087) (0.9874, 0.9982) (0.0578, 0.0620) (0.9605, 0.9947) * (0.2062, 0.0309) (0.7401, 0.1023) (0.2840, 0.0431) (0.9981, 0.9947) (0.9981, 0.9947) 
[08/19 08:13:33]    10/  200 (0.0025, 0.0066) (0.9835, 0.9977) (0.0460, 0.0443) (0.9490, 0.9935) * (0.2244, 0.0398) (0.7628, 0.0880) (0.3110, 0.0833) (0.9984, 0.9951) (0.9984, 0.9951) 
[08/19 08:16:31]    11/  200 (0.0027, 0.0060) (0.9792, 0.9978) (0.0376, 0.0386) (0.9369, 0.9937) * (0.2370, 0.0421) (0.8289, 0.0870) (0.3352, 0.0998) (0.9986, 0.9969) (0.9986, 0.9969) 
[08/19 08:19:27]    12/  200 (0.0022, 0.0091) (0.9740, 0.9969) (0.0301, 0.0361) (0.9237, 0.9916) * (0.2572, 0.0450) (0.8272, 0.1112) (0.3621, 0.0877) (0.9990, 0.9962) (0.9990, 0.9962) 
[08/19 08:22:23]    13/  200 (0.0023, 0.0048) (0.9676, 0.9963) (0.0245, 0.0242) (0.9066, 0.9902) * (0.2590, 0.0537) (0.8692, 0.1009) (0.3690, 0.1566) (0.9990, 0.9981) (0.9990, 0.9981) 
[08/19 08:25:20]    14/  200 (0.0024, 0.0332) (0.9592, 0.9946) (0.0197, 0.0522) (0.8877, 0.9864) * (0.2823, 0.0125) (0.8487, 0.1278) (0.3920, 0.0192) (0.9991, 0.9898) (0.9990, 0.9898) 
[08/19 08:28:20]    15/  200 (0.0025, 0.0893) (0.9491, 0.9953) (0.0159, 0.1117) (0.8627, 0.9879) * (0.2736, 0.0058) (0.8374, 0.1241) (0.3844, 0.0098) (0.9991, 0.9763) (0.9990, 0.9763) 
[08/19 08:31:19]    16/  200 (0.0029, 0.0012) (0.9377, 0.9935) (0.0130, 0.0100) (0.8386, 0.9845) * (0.2765, 0.0468) (0.8158, 0.1101) (0.3821, 0.0975) (0.9989, 0.9995) (0.9989, 0.9994) 
[08/19 08:34:22]    17/  200 (0.0023, 0.0036) (0.9129, 0.9912) (0.0094, 0.0104) (0.7885, 0.9807) * (0.3407, 0.0493) (0.8415, 0.1083) (0.4458, 0.0725) (0.9992, 0.9985) (0.9992, 0.9984) 
[08/19 08:37:23]    18/  200 (0.0031, 0.0006) (0.8959, 0.9922) (0.0085, 0.0050) (0.7626, 0.9835) * (0.3074, 0.0664) (0.8171, 0.0831) (0.4007, 0.3144) (0.9988, 0.9998) (0.9988, 0.9998) 
[08/19 08:40:18]    19/  200 (0.0023, 0.0163) (0.8621, 0.9854) (0.0058, 0.0208) (0.7118, 0.9724) * (0.3424, 0.0391) (0.7846, 0.0869) (0.4435, 0.1180) (0.9994, 0.9961) (0.9993, 0.9960) 
[08/19 08:43:15]    20/  200 (0.0020, 0.0096) (0.8104, 0.9808) (0.0044, 0.0123) (0.6322, 0.9651) * (0.4074, 0.0539) (0.8152, 0.0984) (0.5033, 0.1043) (0.9995, 0.9979) (0.9995, 0.9979) 
[08/19 08:46:12]    21/  200 (0.0018, 0.0054) (0.7633, 0.9767) (0.0035, 0.0073) (0.5669, 0.9581) * (0.4370, 0.0607) (0.8511, 0.1090) (0.5394, 0.1583) (0.9996, 0.9987) (0.9995, 0.9986) 
[08/19 08:49:08]    22/  200 (0.0016, 0.0010) (0.7301, 0.9743) (0.0028, 0.0019) (0.5396, 0.9542) * (0.4612, 0.0602) (0.8735, 0.1062) (0.5647, 0.2318) (0.9997, 0.9998) (0.9996, 0.9998) 
[08/19 08:52:04]    23/  200 (0.0018, 0.0006) (0.6791, 0.9754) (0.0027, 0.0015) (0.4786, 0.9573) * (0.4728, 0.0762) (0.8621, 0.0939) (0.5905, 0.4285) (0.9996, 0.9999) (0.9996, 0.9998) 
[08/19 08:54:59]    24/  200 (0.0021, 0.0020) (0.6587, 0.9691) (0.0028, 0.0027) (0.4685, 0.9488) * (0.4811, 0.0740) (0.8548, 0.0977) (0.5738, 0.2227) (0.9996, 0.9996) (0.9995, 0.9996) 
[08/19 08:57:55]    25/  200 (0.0019, 0.0033) (0.6422, 0.9671) (0.0025, 0.0040) (0.4631, 0.9467) * (0.4525, 0.0666) (0.8069, 0.1003) (0.5629, 0.1925) (0.9996, 0.9994) (0.9996, 0.9994) 
[08/19 09:00:51]    26/  200 (0.0013, 0.0013) (0.5905, 0.9611) (0.0018, 0.0017) (0.4047, 0.9395) * (0.5107, 0.0686) (0.8281, 0.0987) (0.6329, 0.2931) (0.9997, 0.9998) (0.9997, 0.9997) 
[08/19 09:03:47]    27/  200 (0.0011, 0.0013) (0.5508, 0.9576) (0.0015, 0.0017) (0.3704, 0.9341) * (0.5543, 0.0744) (0.8373, 0.1075) (0.6660, 0.2308) (0.9998, 0.9997) (0.9997, 0.9997) 
[08/19 09:06:44]    28/  200 (0.0010, 0.0023) (0.5068, 0.9531) (0.0013, 0.0028) (0.3264, 0.9325) * (0.5653, 0.0838) (0.8586, 0.0977) (0.6742, 0.2813) (0.9998, 0.9995) (0.9998, 0.9995) 
[08/19 09:09:40]    29/  200 (0.0013, 0.0011) (0.4888, 0.9594) (0.0016, 0.0013) (0.3144, 0.9428) * (0.5662, 0.0859) (0.8625, 0.0755) (0.6639, 0.5505) (0.9998, 0.9998) (0.9997, 0.9998) 
[08/19 09:12:37]    30/  200 (0.0012, 0.0050) (0.4617, 0.9457) (0.0015, 0.0055) (0.2994, 0.9237) * (0.5751, 0.0725) (0.8566, 0.1047) (0.6772, 0.2431) (0.9998, 0.9991) (0.9998, 0.9990) 
[08/19 09:15:35]    31/  200 (0.0010, 0.0044) (0.4566, 0.9466) (0.0012, 0.0048) (0.2959, 0.9260) * (0.5767, 0.0704) (0.8637, 0.1025) (0.6858, 0.2152) (0.9998, 0.9992) (0.9998, 0.9992) 
[08/19 09:18:32]    32/  200 (0.0010, 0.0008) (0.4414, 0.9452) (0.0012, 0.0010) (0.2960, 0.9228) * (0.6138, 0.0710) (0.8489, 0.1047) (0.7186, 0.2460) (0.9998, 0.9999) (0.9998, 0.9998) 
[08/19 09:21:31]    33/  200 (0.0010, 0.0008) (0.4265, 0.9437) (0.0012, 0.0010) (0.2830, 0.9244) * (0.5802, 0.0758) (0.8348, 0.0947) (0.7319, 0.5462) (0.9998, 0.9999) (0.9998, 0.9999) 
[08/19 09:24:27]    34/  200 (0.0010, 0.0016) (0.3889, 0.9424) (0.0011, 0.0018) (0.2418, 0.9256) * (0.6259, 0.0764) (0.8773, 0.0907) (0.7335, 0.3230) (0.9998, 0.9997) (0.9998, 0.9997) 
[08/19 09:27:22]    35/  200 (0.0009, 0.0007) (0.3832, 0.9370) (0.0010, 0.0008) (0.2382, 0.9207) * (0.6416, 0.0893) (0.8869, 0.0932) (0.7480, 0.5704) (0.9998, 0.9999) (0.9998, 0.9999) 
[08/19 09:30:21]    36/  200 (0.0009, 0.0005) (0.3481, 0.9368) (0.0010, 0.0005) (0.2145, 0.9207) * (0.6674, 0.0872) (0.8897, 0.0939) (0.7678, 0.6616) (0.9998, 1.0000) (0.9998, 0.9999) 
[08/19 09:33:18]    37/  200 (0.0009, 0.0006) (0.3101, 0.9378) (0.0010, 0.0007) (0.1706, 0.9227) * (0.6824, 0.0905) (0.9307, 0.0898) (0.7819, 0.5795) (0.9999, 0.9999) (0.9998, 0.9999) 
[08/19 09:36:14]    38/  200 (0.0009, 0.0027) (0.3518, 0.9371) (0.0010, 0.0027) (0.2225, 0.9164) * (0.6431, 0.0682) (0.8735, 0.1090) (0.7905, 0.1169) (0.9998, 0.9996) (0.9998, 0.9995) 
[08/19 09:39:11]    39/  200 (0.0009, 0.0006) (0.3116, 0.9329) (0.0010, 0.0006) (0.1831, 0.9168) * (0.6854, 0.0890) (0.9208, 0.0963) (0.7710, 0.6251) (0.9999, 0.9999) (0.9998, 0.9999) 
[08/19 09:42:09]    40/  200 (0.0009, 0.0007) (0.3464, 0.9323) (0.0010, 0.0008) (0.2255, 0.9163) * (0.6418, 0.0882) (0.8553, 0.0980) (0.7656, 0.4167) (0.9999, 0.9999) (0.9998, 0.9999) 
[08/19 09:45:16]    41/  200 (0.0009, 0.0009) (0.3420, 0.9269) (0.0009, 0.0009) (0.2255, 0.9094) * (0.6399, 0.0825) (0.8548, 0.1064) (0.7868, 0.3753) (0.9999, 0.9999) (0.9998, 0.9999) 
[08/19 09:48:22]    42/  200 (0.0011, 0.0005) (0.3631, 0.9321) (0.0012, 0.0005) (0.2418, 0.9159) * (0.6185, 0.0778) (0.8501, 0.0978) (0.7150, 0.5868) (0.9998, 1.0000) (0.9998, 0.9999) 
[08/19 09:51:25]    43/  200 (0.0009, 0.0004) (0.3262, 0.9292) (0.0010, 0.0004) (0.2116, 0.9180) * (0.6574, 0.0880) (0.8750, 0.0918) (0.7477, 0.7795) (0.9999, 1.0000) (0.9998, 1.0000) 
[08/19 09:54:30]    44/  200 (0.0011, 0.0008) (0.3191, 0.9292) (0.0011, 0.0009) (0.2107, 0.9154) * (0.6587, 0.0845) (0.8651, 0.0965) (0.7661, 0.5399) (0.9999, 0.9999) (0.9998, 0.9999) 
[08/19 09:57:34]    45/  200 (0.0009, 0.0013) (0.3211, 0.9248) (0.0009, 0.0014) (0.2052, 0.9110) * (0.6420, 0.0873) (0.8753, 0.0993) (0.7831, 0.4662) (0.9999, 0.9998) (0.9998, 0.9998) 
[08/19 10:00:39]    46/  200 (0.0010, 0.0013) (0.3060, 0.9267) (0.0010, 0.0014) (0.1924, 0.9140) * (0.6646, 0.0853) (0.8833, 0.0954) (0.7951, 0.5447) (0.9998, 0.9998) (0.9998, 0.9998) 
[08/19 10:03:42]    47/  200 (0.0009, 0.0010) (0.2700, 0.9231) (0.0009, 0.0010) (0.1618, 0.9106) * (0.7034, 0.0882) (0.9068, 0.0982) (0.7911, 0.4463) (0.9999, 0.9999) (0.9998, 0.9998) 
[08/19 10:06:49]    48/  200 (0.0009, 0.0008) (0.2903, 0.9248) (0.0009, 0.0008) (0.1821, 0.9138) * (0.6824, 0.0894) (0.8870, 0.0921) (0.7751, 0.5538) (0.9999, 0.9999) (0.9999, 0.9999) 
[08/19 10:09:56]    49/  200 (0.0010, 0.0022) (0.3053, 0.9250) (0.0010, 0.0023) (0.1997, 0.9087) * (0.6562, 0.0817) (0.8776, 0.1053) (0.7638, 0.2545) (0.9999, 0.9997) (0.9998, 0.9996) 
[08/19 10:13:01]    50/  200 (0.0009, 0.0019) (0.2773, 0.9230) (0.0009, 0.0019) (0.1832, 0.9130) * (0.6901, 0.0892) (0.8740, 0.0939) (0.8018, 0.4567) (0.9999, 0.9997) (0.9998, 0.9997) 
[08/19 10:16:17]    51/  200 (0.0008, 0.0006) (0.2540, 0.9243) (0.0009, 0.0007) (0.1531, 0.9169) * (0.7212, 0.0876) (0.9132, 0.0890) (0.8335, 0.7071) (0.9999, 0.9999) (0.9999, 0.9999) 
[08/19 10:19:40]    52/  200 (0.0008, 0.0008) (0.2689, 0.9235) (0.0008, 0.0008) (0.1840, 0.9124) * (0.6978, 0.0825) (0.8685, 0.0947) (0.8279, 0.6082) (0.9999, 0.9999) (0.9999, 0.9999) 
[08/19 10:23:25]    53/  200 (0.0008, 0.0009) (0.2539, 0.9218) (0.0008, 0.0009) (0.1585, 0.9106) * (0.7030, 0.0894) (0.8999, 0.0978) (0.8302, 0.3975) (0.9999, 0.9999) (0.9999, 0.9999) 
[08/19 10:27:12]    54/  200 (0.0008, 0.0009) (0.2440, 0.9212) (0.0008, 0.0009) (0.1512, 0.9119) * (0.7229, 0.0897) (0.9035, 0.0946) (0.8415, 0.5432) (0.9999, 0.9999) (0.9999, 0.9999) 
[08/19 10:31:12]    55/  200 (0.0010, 0.0015) (0.2967, 0.9203) (0.0010, 0.0015) (0.1941, 0.9092) * (0.6559, 0.0907) (0.8847, 0.0993) (0.7427, 0.5112) (0.9999, 0.9998) (0.9998, 0.9998) 
[08/19 10:35:09]    56/  200 (0.0008, 0.0006) (0.2574, 0.9217) (0.0008, 0.0006) (0.1605, 0.9118) * (0.6977, 0.0869) (0.9005, 0.0958) (0.8064, 0.6514) (0.9999, 1.0000) (0.9999, 0.9999) 
[08/19 10:38:53]    57/  200 (0.0009, 0.0011) (0.2665, 0.9221) (0.0009, 0.0011) (0.1726, 0.9123) * (0.6883, 0.0853) (0.8869, 0.0940) (0.8044, 0.4576) (0.9999, 0.9999) (0.9999, 0.9998) 
[08/19 10:42:38]    58/  200 (0.0008, 0.0005) (0.2396, 0.9223) (0.0008, 0.0005) (0.1518, 0.9141) * (0.7232, 0.0818) (0.9066, 0.0913) (0.8334, 0.7080) (0.9999, 1.0000) (0.9999, 0.9999) 
[08/19 10:49:23]    59/  200 (0.0008, 0.0006) (0.2435, 0.9179) (0.0008, 0.0006) (0.1568, 0.9088) * (0.7102, 0.0914) (0.8963, 0.0976) (0.8246, 0.6368) (0.9999, 1.0000) (0.9999, 0.9999) 
[08/19 10:56:22]    60/  200 (0.0009, 0.0012) (0.2370, 0.9215) (0.0009, 0.0011) (0.1571, 0.9122) * (0.7201, 0.0809) (0.8899, 0.0939) (0.8346, 0.6342) (0.9999, 0.9999) (0.9999, 0.9999) 
[08/19 11:03:06]    61/  200 (0.0010, 0.0006) (0.2653, 0.9198) (0.0010, 0.0006) (0.1755, 0.9135) * (0.6898, 0.0960) (0.8797, 0.0914) (0.7854, 0.6198) (0.9999, 1.0000) (0.9999, 0.9999) 
[08/19 11:07:01]    62/  200 (0.0008, 0.0006) (0.2198, 0.9193) (0.0007, 0.0006) (0.1360, 0.9130) * (0.7369, 0.0913) (0.9156, 0.0912) (0.8456, 0.7015) (0.9999, 1.0000) (0.9999, 0.9999) 
[08/19 11:10:56]    63/  200 (0.0008, 0.0005) (0.2225, 0.9183) (0.0008, 0.0005) (0.1425, 0.9128) * (0.7382, 0.0969) (0.9040, 0.0922) (0.8620, 0.7306) (0.9999, 1.0000) (0.9999, 0.9999) 
[08/19 11:14:58]    64/  200 (0.0009, 0.0008) (0.2445, 0.9179) (0.0008, 0.0008) (0.1601, 0.9108) * (0.7113, 0.0900) (0.8921, 0.0946) (0.8295, 0.6234) (0.9999, 0.9999) (0.9999, 0.9999) 
[08/19 11:18:46]    65/  200 (0.0008, 0.0009) (0.2469, 0.9200) (0.0008, 0.0009) (0.1597, 0.9124) * (0.7033, 0.0867) (0.8905, 0.0934) (0.8345, 0.6089) (0.9999, 0.9999) (0.9999, 0.9999) 
[08/19 11:22:34]    66/  200 (0.0009, 0.0010) (0.2426, 0.9180) (0.0008, 0.0010) (0.1614, 0.9100) * (0.7087, 0.0875) (0.8868, 0.0958) (0.8270, 0.5316) (0.9999, 0.9999) (0.9999, 0.9999) 
[08/19 11:26:25]    67/  200 (0.0009, 0.0008) (0.2456, 0.9173) (0.0008, 0.0007) (0.1699, 0.9116) * (0.7055, 0.0939) (0.8735, 0.0920) (0.8479, 0.6011) (0.9999, 0.9999) (0.9999, 0.9999) 
[08/19 11:30:17]    68/  200 (0.0008, 0.0012) (0.2325, 0.9181) (0.0007, 0.0012) (0.1600, 0.9117) * (0.7213, 0.0892) (0.8791, 0.0931) (0.8706, 0.4974) (0.9999, 0.9999) (0.9999, 0.9998) 
[08/19 11:34:23]    69/  200 (0.0008, 0.0006) (0.2319, 0.9191) (0.0007, 0.0006) (0.1591, 0.9148) * (0.7258, 0.0918) (0.8806, 0.0891) (0.8544, 0.6890) (0.9999, 1.0000) (0.9999, 0.9999) 
[08/19 11:38:08]    70/  200 (0.0008, 0.0008) (0.2228, 0.9156) (0.0008, 0.0007) (0.1511, 0.9085) * (0.7305, 0.0930) (0.8892, 0.0973) (0.8621, 0.6257) (0.9999, 0.9999) (0.9999, 0.9999) 
[08/19 11:41:53]    71/  200 (0.0008, 0.0008) (0.2273, 0.9164) (0.0007, 0.0008) (0.1567, 0.9083) * (0.7325, 0.0897) (0.8863, 0.0981) (0.8574, 0.5529) (0.9999, 0.9999) (0.9999, 0.9999) 
[08/19 11:45:26]    72/  200 (0.0008, 0.0006) (0.2196, 0.9181) (0.0007, 0.0005) (0.1488, 0.9135) * (0.7393, 0.0918) (0.8912, 0.0899) (0.8769, 0.6744) (0.9999, 1.0000) (0.9999, 0.9999) 
[08/19 11:49:03]    73/  200 (0.0008, 0.0008) (0.2387, 0.9153) (0.0007, 0.0007) (0.1737, 0.9074) * (0.7152, 0.0919) (0.8620, 0.0985) (0.8748, 0.5576) (0.9999, 0.9999) (0.9999, 0.9999) 
[08/19 11:52:45]    74/  200 (0.0008, 0.0008) (0.2047, 0.9156) (0.0007, 0.0008) (0.1405, 0.9092) * (0.7509, 0.0926) (0.8937, 0.0953) (0.8769, 0.5755) (0.9999, 0.9999) (0.9999, 0.9999) 
[08/19 11:56:22]    75/  200 (0.0008, 0.0005) (0.2248, 0.9201) (0.0007, 0.0005) (0.1507, 0.9158) * (0.7244, 0.0901) (0.8921, 0.0873) (0.8659, 0.7432) (0.9999, 1.0000) (0.9999, 0.9999) 
[08/19 12:00:07]    76/  200 (0.0008, 0.0006) (0.1882, 0.9188) (0.0007, 0.0006) (0.1251, 0.9142) * (0.7752, 0.0908) (0.9107, 0.0893) (0.8877, 0.6998) (0.9999, 1.0000) (0.9999, 0.9999) 
[08/19 12:03:45]    77/  200 (0.0009, 0.0006) (0.2280, 0.9163) (0.0008, 0.0006) (0.1624, 0.9123) * (0.7255, 0.0938) (0.8728, 0.0911) (0.8615, 0.6498) (0.9999, 1.0000) (0.9999, 0.9999) 
[08/19 12:07:22]    78/  200 (0.0008, 0.0007) (0.2033, 0.9148) (0.0007, 0.0006) (0.1372, 0.9082) * (0.7533, 0.0892) (0.8992, 0.0960) (0.8620, 0.6311) (0.9999, 0.9999) (0.9999, 0.9999) 
[08/19 12:11:02]    79/  200 (0.0008, 0.0005) (0.1796, 0.9164) (0.0007, 0.0005) (0.1125, 0.9126) * (0.7784, 0.0929) (0.9246, 0.0907) (0.8773, 0.7096) (0.9999, 1.0000) (0.9999, 0.9999) 
[08/19 12:14:37]    80/  200 (0.0008, 0.0006) (0.2176, 0.9142) (0.0007, 0.0005) (0.1587, 0.9105) * (0.7452, 0.0978) (0.8725, 0.0927) (0.8825, 0.6526) (0.9999, 1.0000) (0.9999, 0.9999) 
[08/19 12:18:17]    81/  200 (0.0008, 0.0006) (0.1888, 0.9148) (0.0007, 0.0005) (0.1302, 0.9112) * (0.7696, 0.0971) (0.9007, 0.0927) (0.8917, 0.6856) (0.9999, 1.0000) (0.9999, 0.9999) 
[08/19 12:21:54]    82/  200 (0.0008, 0.0009) (0.2058, 0.9148) (0.0007, 0.0008) (0.1511, 0.9092) * (0.7558, 0.0927) (0.8768, 0.0945) (0.8806, 0.5635) (0.9999, 0.9999) (0.9999, 0.9999) 
[08/19 12:25:33]    83/  200 (0.0008, 0.0006) (0.2102, 0.9178) (0.0007, 0.0005) (0.1501, 0.9144) * (0.7494, 0.0922) (0.8821, 0.0885) (0.8961, 0.6809) (0.9999, 1.0000) (0.9999, 0.9999) 
[08/19 12:29:10]    84/  200 (0.0008, 0.0007) (0.1850, 0.9173) (0.0007, 0.0006) (0.1245, 0.9159) * (0.7739, 0.0959) (0.9070, 0.0860) (0.8716, 0.7123) (0.9999, 1.0000) (0.9999, 0.9999) 
[08/19 12:32:50]    85/  200 (0.0008, 0.0006) (0.1424, 0.9201) (0.0007, 0.0005) (0.0848, 0.9185) * (0.8169, 0.0909) (0.9471, 0.0820) (0.8957, 0.7874) (0.9999, 1.0000) (0.9999, 0.9999) 
[08/19 12:36:31]    86/  200 (0.0008, 0.0006) (0.1924, 0.9161) (0.0007, 0.0006) (0.1340, 0.9118) * (0.7670, 0.0920) (0.8967, 0.0916) (0.8891, 0.7020) (0.9999, 1.0000) (0.9999, 0.9999) 
[08/19 12:40:13]    87/  200 (0.0008, 0.0007) (0.1864, 0.9166) (0.0007, 0.0006) (0.1280, 0.9125) * (0.7664, 0.0910) (0.9020, 0.0906) (0.8911, 0.6589) (0.9999, 1.0000) (0.9999, 0.9999) 
[08/19 12:43:53]    88/  200 (0.0008, 0.0006) (0.1861, 0.9152) (0.0007, 0.0005) (0.1291, 0.9121) * (0.7720, 0.0959) (0.9015, 0.0910) (0.8914, 0.6956) (0.9999, 1.0000) (0.9999, 0.9999) 
[08/19 12:47:34]    89/  200 (0.0009, 0.0006) (0.1898, 0.9152) (0.0007, 0.0006) (0.1228, 0.9088) * (0.7636, 0.0905) (0.9167, 0.0960) (0.8584, 0.5778) (0.9999, 1.0000) (0.9999, 0.9999) 
[08/19 12:51:15]    90/  200 (0.0008, 0.0006) (0.1666, 0.9153) (0.0007, 0.0005) (0.1069, 0.9122) * (0.7857, 0.0968) (0.9245, 0.0909) (0.8943, 0.7220) (0.9999, 1.0000) (0.9999, 0.9999) 
[08/19 12:54:54]    91/  200 (0.0008, 0.0007) (0.1777, 0.9145) (0.0007, 0.0006) (0.1203, 0.9115) * (0.7798, 0.0969) (0.9106, 0.0899) (0.8942, 0.6684) (0.9999, 1.0000) (0.9999, 0.9999) 
[08/19 12:58:35]    92/  200 (0.0008, 0.0006) (0.1981, 0.9159) (0.0007, 0.0005) (0.1402, 0.9131) * (0.7588, 0.0969) (0.8911, 0.0895) (0.8706, 0.6753) (0.9999, 1.0000) (0.9999, 0.9999) 
[08/19 13:02:15]    93/  200 (0.0007, 0.0007) (0.1881, 0.9145) (0.0006, 0.0006) (0.1321, 0.9124) * (0.7700, 0.0983) (0.8965, 0.0904) (0.8979, 0.6772) (0.9999, 1.0000) (0.9999, 0.9999) 
[08/19 13:05:52]    94/  200 (0.0007, 0.0006) (0.1713, 0.9167) (0.0006, 0.0005) (0.1183, 0.9137) * (0.7931, 0.0902) (0.9100, 0.0877) (0.9072, 0.7369) (0.9999, 1.0000) (0.9999, 0.9999) 
[08/19 13:09:30]    95/  200 (0.0008, 0.0007) (0.1854, 0.9147) (0.0006, 0.0006) (0.1370, 0.9124) * (0.7791, 0.0965) (0.8883, 0.0893) (0.9092, 0.6681) (0.9999, 1.0000) (0.9999, 0.9999) 
[08/19 13:13:09]    96/  200 (0.0007, 0.0005) (0.2000, 0.9211) (0.0006, 0.0004) (0.1444, 0.9201) * (0.7584, 0.0933) (0.8878, 0.0808) (0.8854, 0.8510) (0.9999, 1.0000) (0.9999, 1.0000) 
[08/19 13:16:46]    97/  200 (0.0007, 0.0007) (0.1853, 0.9138) (0.0006, 0.0006) (0.1373, 0.9109) * (0.7759, 0.0970) (0.8879, 0.0912) (0.8987, 0.6506) (0.9999, 1.0000) (0.9999, 0.9999) 
[08/19 13:20:25]    98/  200 (0.0007, 0.0007) (0.1683, 0.9128) (0.0006, 0.0006) (0.1171, 0.9100) * (0.7934, 0.0966) (0.9098, 0.0922) (0.9084, 0.6364) (0.9999, 1.0000) (0.9999, 0.9999) 
[08/19 13:24:04]    99/  200 (0.0008, 0.0006) (0.1559, 0.9134) (0.0006, 0.0005) (0.1033, 0.9105) * (0.8010, 0.0961) (0.9241, 0.0915) (0.8953, 0.6281) (0.9999, 1.0000) (0.9999, 0.9999) 
[08/19 13:27:20]   100/  200 (0.0007, 0.0007) (0.1812, 0.9122) (0.0006, 0.0006) (0.1317, 0.9085) * (0.7824, 0.0953) (0.8941, 0.0941) (0.9119, 0.6104) (0.9999, 1.0000) (0.9999, 0.9999) 
[08/19 13:30:23]   101/  200 (0.0008, 0.0007) (0.1706, 0.9128) (0.0006, 0.0006) (0.1196, 0.9106) * (0.7904, 0.0976) (0.9076, 0.0924) (0.9054, 0.5993) (0.9999, 1.0000) (0.9999, 0.9999) 
[08/19 13:33:30]   102/  200 (0.0007, 0.0006) (0.1554, 0.9138) (0.0006, 0.0005) (0.1104, 0.9122) * (0.8147, 0.0980) (0.9128, 0.0890) (0.9128, 0.6689) (0.9999, 1.0000) (0.9999, 0.9999) 
[08/19 13:36:32]   103/  200 (0.0007, 0.0006) (0.1911, 0.9133) (0.0006, 0.0005) (0.1425, 0.9113) * (0.7703, 0.0986) (0.8824, 0.0903) (0.9184, 0.7040) (0.9999, 1.0000) (0.9999, 0.9999) 
[08/19 13:39:35]   104/  200 (0.0007, 0.0007) (0.1607, 0.9132) (0.0006, 0.0006) (0.1101, 0.9114) * (0.8018, 0.0950) (0.9168, 0.0886) (0.8919, 0.6719) (0.9999, 1.0000) (0.9999, 0.9999) 
[08/19 13:42:36]   105/  200 (0.0008, 0.0007) (0.1497, 0.9152) (0.0007, 0.0006) (0.0954, 0.9116) * (0.8066, 0.0910) (0.9322, 0.0910) (0.9012, 0.6630) (0.9999, 1.0000) (0.9999, 0.9999) 
[08/19 13:45:38]   106/  200 (0.0007, 0.0006) (0.1549, 0.9127) (0.0006, 0.0005) (0.1026, 0.9115) * (0.8077, 0.0991) (0.9261, 0.0902) (0.9059, 0.7048) (0.9999, 1.0000) (0.9999, 0.9999) 
[08/19 13:48:39]   107/  200 (0.0007, 0.0007) (0.1736, 0.9141) (0.0006, 0.0006) (0.1257, 0.9126) * (0.7887, 0.0982) (0.9001, 0.0889) (0.9018, 0.6651) (0.9999, 1.0000) (0.9999, 0.9999) 
[08/19 13:51:40]   108/  200 (0.0007, 0.0007) (0.1562, 0.9131) (0.0006, 0.0006) (0.1126, 0.9110) * (0.8092, 0.0976) (0.9106, 0.0903) (0.9102, 0.6506) (0.9999, 1.0000) (0.9999, 0.9999) 
[08/19 13:54:41]   109/  200 (0.0007, 0.0005) (0.1139, 0.9146) (0.0006, 0.0004) (0.0663, 0.9142) * (0.8489, 0.0961) (0.9581, 0.0852) (0.9217, 0.7344) (0.9999, 1.0000) (0.9999, 1.0000) 
[08/19 13:57:42]   110/  200 (0.0007, 0.0006) (0.1847, 0.9201) (0.0006, 0.0005) (0.1408, 0.9177) * (0.7802, 0.0966) (0.8834, 0.0846) (0.9055, 0.7113) (0.9999, 1.0000) (0.9999, 0.9999) 
[08/19 14:00:42]   111/  200 (0.0008, 0.0008) (0.1737, 0.9139) (0.0006, 0.0007) (0.1241, 0.9111) * (0.7846, 0.0968) (0.9013, 0.0916) (0.9013, 0.5447) (0.9999, 1.0000) (0.9999, 0.9999) 
[08/19 14:03:41]   112/  200 (0.0007, 0.0007) (0.1436, 0.9143) (0.0006, 0.0006) (0.0999, 0.9126) * (0.8248, 0.0979) (0.9231, 0.0893) (0.9077, 0.6198) (0.9999, 1.0000) (0.9999, 0.9999) 
[08/19 14:06:39]   113/  200 (0.0007, 0.0006) (0.1736, 0.9140) (0.0006, 0.0005) (0.1280, 0.9125) * (0.7920, 0.0980) (0.8977, 0.0892) (0.9111, 0.6572) (0.9999, 1.0000) (0.9999, 0.9999) 
[08/19 14:09:50]   114/  200 (0.0007, 0.0006) (0.1769, 0.9140) (0.0006, 0.0005) (0.1302, 0.9119) * (0.7897, 0.0974) (0.8947, 0.0904) (0.9062, 0.6613) (0.9999, 1.0000) (0.9999, 0.9999) 
[08/19 14:13:08]   115/  200 (0.0008, 0.0006) (0.1470, 0.9163) (0.0006, 0.0005) (0.0990, 0.9145) * (0.8136, 0.0934) (0.9259, 0.0866) (0.9030, 0.7596) (0.9999, 1.0000) (0.9999, 0.9999) 
[08/19 14:16:28]   116/  200 (0.0008, 0.0006) (0.1539, 0.9163) (0.0006, 0.0005) (0.1143, 0.9155) * (0.8170, 0.0952) (0.9058, 0.0859) (0.9041, 0.6812) (0.9999, 1.0000) (0.9999, 0.9999) 
[08/19 14:19:49]   117/  200 (0.0007, 0.0007) (0.1491, 0.9157) (0.0006, 0.0005) (0.1097, 0.9148) * (0.8222, 0.0987) (0.9111, 0.0872) (0.9164, 0.6866) (0.9999, 1.0000) (0.9999, 0.9999) 
[08/19 14:23:08]   118/  200 (0.0007, 0.0007) (0.1738, 0.9148) (0.0006, 0.0006) (0.1351, 0.9138) * (0.7983, 0.0985) (0.8852, 0.0875) (0.9078, 0.6492) (0.9999, 1.0000) (0.9999, 0.9999) 
[08/19 14:26:27]   119/  200 (0.0007, 0.0007) (0.1553, 0.9146) (0.0006, 0.0006) (0.1134, 0.9137) * (0.8201, 0.0990) (0.9095, 0.0877) (0.9026, 0.6268) (0.9999, 1.0000) (0.9999, 0.9999) 
[08/19 14:29:47]   120/  200 (0.0008, 0.0009) (0.1583, 0.9126) (0.0006, 0.0007) (0.1119, 0.9101) * (0.8048, 0.0971) (0.9130, 0.0935) (0.9089, 0.6030) (0.9999, 1.0000) (0.9999, 0.9999) 
[08/19 14:33:07]   121/  200 (0.0007, 0.0007) (0.1476, 0.9141) (0.0006, 0.0005) (0.1105, 0.9132) * (0.8244, 0.0984) (0.9085, 0.0892) (0.9183, 0.6504) (0.9999, 1.0000) (0.9999, 0.9999) 
[08/19 14:36:27]   122/  200 (0.0007, 0.0007) (0.1356, 0.9134) (0.0006, 0.0005) (0.0892, 0.9114) * (0.8290, 0.0976) (0.9347, 0.0915) (0.9139, 0.6546) (0.9999, 1.0000) (0.9999, 0.9999) 
[08/19 14:39:47]   123/  200 (0.0007, 0.0007) (0.1515, 0.9152) (0.0005, 0.0005) (0.1124, 0.9150) * (0.8153, 0.0990) (0.9079, 0.0855) (0.9218, 0.6860) (0.9999, 1.0000) (0.9999, 0.9999) 
[08/19 14:43:06]   124/  200 (0.0008, 0.0007) (0.1666, 0.9132) (0.0006, 0.0006) (0.1245, 0.9114) * (0.7977, 0.0978) (0.8967, 0.0905) (0.9141, 0.5898) (0.9999, 1.0000) (0.9999, 0.9999) 
[08/19 14:46:27]   125/  200 (0.0008, 0.0009) (0.1665, 0.9163) (0.0006, 0.0007) (0.1128, 0.9152) * (0.7889, 0.0951) (0.9162, 0.0862) (0.8999, 0.5867) (0.9999, 1.0000) (0.9999, 0.9999) 
[08/19 14:49:48]   126/  200 (0.0007, 0.0009) (0.1627, 0.9169) (0.0006, 0.0007) (0.1243, 0.9157) * (0.8030, 0.0947) (0.8946, 0.0863) (0.9016, 0.5714) (0.9999, 1.0000) (0.9999, 0.9999) 
[08/19 14:53:08]   127/  200 (0.0007, 0.0008) (0.1699, 0.9158) (0.0006, 0.0007) (0.1249, 0.9151) * (0.7897, 0.0954) (0.8983, 0.0858) (0.9110, 0.5910) (0.9999, 1.0000) (0.9999, 0.9999) 
[08/19 14:56:29]   128/  200 (0.0007, 0.0008) (0.1398, 0.9150) (0.0005, 0.0006) (0.0971, 0.9130) * (0.8292, 0.0939) (0.9254, 0.0894) (0.9110, 0.6035) (0.9999, 1.0000) (0.9999, 0.9999) 
[08/19 14:59:49]   129/  200 (0.0007, 0.0008) (0.1456, 0.9154) (0.0005, 0.0006) (0.1086, 0.9153) * (0.8220, 0.0968) (0.9103, 0.0849) (0.9190, 0.6251) (0.9999, 1.0000) (0.9999, 0.9999) 
[08/19 15:03:12]   130/  200 (0.0007, 0.0007) (0.1449, 0.9135) (0.0005, 0.0006) (0.1012, 0.9130) * (0.8217, 0.0995) (0.9224, 0.0874) (0.9221, 0.6158) (0.9999, 1.0000) (0.9999, 0.9999) 
[08/19 15:06:35]   131/  200 (0.0007, 0.0008) (0.1360, 0.9122) (0.0006, 0.0006) (0.0970, 0.9122) * (0.8361, 0.1010) (0.9227, 0.0886) (0.9235, 0.6141) (0.9999, 1.0000) (0.9999, 0.9999) 
[08/19 15:11:36]   132/  200 (0.0007, 0.0008) (0.1253, 0.9121) (0.0005, 0.0007) (0.0859, 0.9116) * (0.8440, 0.1007) (0.9344, 0.0898) (0.9329, 0.5919) (0.9999, 1.0000) (0.9999, 0.9999) 
[08/19 15:15:35]   133/  200 (0.0007, 0.0009) (0.1328, 0.9127) (0.0006, 0.0007) (0.0902, 0.9113) * (0.8315, 0.0980) (0.9326, 0.0904) (0.9156, 0.5792) (0.9999, 1.0000) (0.9999, 0.9999) 
[08/19 15:18:58]   134/  200 (0.0007, 0.0007) (0.1701, 0.9136) (0.0006, 0.0006) (0.1328, 0.9130) * (0.8045, 0.0996) (0.8868, 0.0886) (0.9105, 0.6436) (0.9999, 1.0000) (0.9999, 0.9999) 
[08/19 15:25:04]   135/  200 (0.0007, 0.0008) (0.1416, 0.9127) (0.0005, 0.0006) (0.1049, 0.9120) * (0.8262, 0.1005) (0.9139, 0.0899) (0.9307, 0.6407) (0.9999, 1.0000) (0.9999, 0.9999) 
[08/19 15:31:46]   136/  200 (0.0007, 0.0007) (0.1454, 0.9132) (0.0005, 0.0006) (0.1090, 0.9132) * (0.8244, 0.1008) (0.9104, 0.0883) (0.9273, 0.6627) (0.9999, 1.0000) (0.9999, 0.9999) 
[08/19 15:36:05]   137/  200 (0.0007, 0.0007) (0.1367, 0.9139) (0.0005, 0.0005) (0.0988, 0.9148) * (0.8377, 0.1013) (0.9209, 0.0859) (0.9211, 0.6653) (0.9999, 1.0000) (0.9999, 0.9999) 
[08/19 15:39:28]   138/  200 (0.0007, 0.0007) (0.1277, 0.9135) (0.0005, 0.0006) (0.0899, 0.9136) * (0.8395, 0.1010) (0.9295, 0.0865) (0.9198, 0.6276) (0.9999, 1.0000) (0.9999, 0.9999) 
[08/19 15:42:51]   139/  200 (0.0007, 0.0007) (0.1428, 0.9134) (0.0005, 0.0005) (0.1004, 0.9138) * (0.8233, 0.1018) (0.9238, 0.0872) (0.9059, 0.6624) (0.9999, 1.0000) (0.9999, 0.9999) 
[08/19 15:46:56]   140/  200 (0.0007, 0.0007) (0.1440, 0.9151) (0.0005, 0.0006) (0.1043, 0.9150) * (0.8194, 0.0992) (0.9165, 0.0857) (0.9190, 0.6451) (0.9999, 1.0000) (0.9999, 0.9999) 
[08/19 15:50:59]   141/  200 (0.0007, 0.0007) (0.1516, 0.9152) (0.0005, 0.0006) (0.1132, 0.9165) * (0.8163, 0.0983) (0.9063, 0.0828) (0.9302, 0.6439) (0.9999, 1.0000) (0.9999, 0.9999) 
[08/19 15:55:00]   142/  200 (0.0007, 0.0007) (0.1597, 0.9151) (0.0005, 0.0005) (0.1233, 0.9159) * (0.8113, 0.1014) (0.8951, 0.0856) (0.9215, 0.6727) (0.9999, 1.0000) (0.9999, 0.9999) 
[08/19 15:59:00]   143/  200 (0.0007, 0.0007) (0.1267, 0.9155) (0.0005, 0.0005) (0.0918, 0.9169) * (0.8476, 0.0978) (0.9264, 0.0817) (0.9136, 0.6806) (0.9999, 1.0000) (0.9999, 0.9999) 
[08/19 16:03:07]   144/  200 (0.0007, 0.0007) (0.1105, 0.9146) (0.0005, 0.0005) (0.0731, 0.9152) * (0.8596, 0.1003) (0.9454, 0.0855) (0.9135, 0.6567) (0.9999, 1.0000) (0.9999, 0.9999) 
[08/19 16:07:07]   145/  200 (0.0007, 0.0008) (0.1420, 0.9136) (0.0005, 0.0006) (0.1059, 0.9129) * (0.8343, 0.0985) (0.9131, 0.0876) (0.9224, 0.6119) (0.9999, 1.0000) (0.9999, 0.9999) 
[08/19 16:11:08]   146/  200 (0.0007, 0.0009) (0.1655, 0.9117) (0.0005, 0.0007) (0.1313, 0.9099) * (0.8044, 0.0981) (0.8862, 0.0934) (0.9308, 0.5965) (0.9999, 1.0000) (0.9999, 0.9999) 
[08/19 16:15:17]   147/  200 (0.0008, 0.0007) (0.1666, 0.9147) (0.0005, 0.0006) (0.1279, 0.9157) * (0.7982, 0.1014) (0.8923, 0.0855) (0.9214, 0.6840) (0.9999, 1.0000) (0.9999, 0.9999) 
[08/19 16:19:42]   148/  200 (0.0007, 0.0007) (0.1567, 0.9137) (0.0005, 0.0006) (0.1220, 0.9144) * (0.8172, 0.1006) (0.8963, 0.0873) (0.9229, 0.6433) (0.9999, 1.0000) (0.9999, 0.9999) 
[08/19 16:24:18]   149/  200 (0.0007, 0.0007) (0.1192, 0.9154) (0.0005, 0.0005) (0.0814, 0.9161) * (0.8513, 0.1010) (0.9374, 0.0855) (0.9292, 0.6612) (0.9999, 1.0000) (0.9999, 0.9999) 
[08/19 16:28:41]   150/  200 (0.0007, 0.0008) (0.1089, 0.9139) (0.0005, 0.0006) (0.0741, 0.9141) * (0.8658, 0.1003) (0.9434, 0.0863) (0.9309, 0.6083) (0.9999, 1.0000) (0.9999, 0.9999) 
[08/19 16:33:16]   151/  200 (0.0007, 0.0007) (0.1654, 0.9144) (0.0005, 0.0006) (0.1289, 0.9150) * (0.8022, 0.1002) (0.8895, 0.0855) (0.9311, 0.6572) (0.9999, 1.0000) (0.9999, 0.9999) 
[08/19 16:37:35]   152/  200 (0.0007, 0.0007) (0.1772, 0.9138) (0.0005, 0.0005) (0.1404, 0.9145) * (0.7920, 0.1002) (0.8782, 0.0861) (0.9199, 0.6535) (0.9999, 1.0000) (0.9999, 0.9999) 
[08/19 16:42:11]   153/  200 (0.0007, 0.0007) (0.1802, 0.9132) (0.0005, 0.0006) (0.1410, 0.9135) * (0.7875, 0.0998) (0.8845, 0.0873) (0.9157, 0.6317) (0.9999, 1.0000) (0.9999, 0.9999) 
[08/19 16:46:41]   154/  200 (0.0007, 0.0008) (0.1277, 0.9128) (0.0005, 0.0006) (0.0935, 0.9128) * (0.8488, 0.0994) (0.9242, 0.0884) (0.9287, 0.6324) (0.9999, 1.0000) (0.9999, 0.9999) 
[08/19 16:51:04]   155/  200 (0.0008, 0.0007) (0.1237, 0.9134) (0.0005, 0.0006) (0.0890, 0.9140) * (0.8478, 0.1000) (0.9293, 0.0875) (0.9320, 0.6470) (0.9999, 1.0000) (0.9999, 0.9999) 
[08/19 16:55:35]   156/  200 (0.0007, 0.0006) (0.1485, 0.9149) (0.0005, 0.0005) (0.1105, 0.9165) * (0.8216, 0.1022) (0.9093, 0.0835) (0.9228, 0.6872) (0.9999, 1.0000) (0.9999, 0.9999) 
[08/19 17:00:02]   157/  200 (0.0007, 0.0007) (0.1438, 0.9135) (0.0005, 0.0005) (0.1117, 0.9147) * (0.8306, 0.1022) (0.9049, 0.0861) (0.9280, 0.6624) (0.9999, 1.0000) (0.9999, 0.9999) 
[08/19 17:04:09]   158/  200 (0.0007, 0.0007) (0.1510, 0.9140) (0.0005, 0.0005) (0.1197, 0.9147) * (0.8256, 0.1005) (0.8960, 0.0856) (0.9210, 0.6837) (0.9999, 1.0000) (0.9999, 0.9999) 
[08/19 17:08:17]   159/  200 (0.0007, 0.0007) (0.1740, 0.9135) (0.0005, 0.0005) (0.1376, 0.9148) * (0.7961, 0.1020) (0.8826, 0.0851) (0.9299, 0.6618) (0.9999, 1.0000) (0.9999, 0.9999) 
[08/19 17:12:17]   160/  200 (0.0007, 0.0008) (0.1379, 0.9136) (0.0005, 0.0006) (0.0966, 0.9135) * (0.8277, 0.0995) (0.9264, 0.0874) (0.9096, 0.6349) (0.9999, 1.0000) (0.9999, 0.9999) 
[08/19 17:16:16]   161/  200 (0.0007, 0.0007) (0.1391, 0.9130) (0.0005, 0.0005) (0.1071, 0.9138) * (0.8367, 0.1015) (0.9097, 0.0856) (0.9244, 0.6504) (0.9999, 1.0000) (0.9999, 0.9999) 
[08/19 17:20:22]   162/  200 (0.0007, 0.0006) (0.1225, 0.9146) (0.0005, 0.0005) (0.0899, 0.9162) * (0.8508, 0.1020) (0.9267, 0.0842) (0.9328, 0.6796) (0.9999, 1.0000) (0.9999, 0.9999) 
[08/19 17:24:23]   163/  200 (0.0007, 0.0007) (0.1254, 0.9125) (0.0005, 0.0005) (0.0909, 0.9128) * (0.8454, 0.0999) (0.9267, 0.0879) (0.9134, 0.6475) (0.9999, 1.0000) (0.9999, 0.9999) 
[08/19 17:28:23]   164/  200 (0.0007, 0.0006) (0.1578, 0.9154) (0.0005, 0.0005) (0.1239, 0.9171) * (0.8115, 0.1015) (0.8934, 0.0832) (0.9301, 0.6975) (0.9999, 1.0000) (0.9999, 0.9999) 
[08/19 17:32:24]   165/  200 (0.0007, 0.0007) (0.1346, 0.9126) (0.0005, 0.0005) (0.1014, 0.9133) * (0.8423, 0.1005) (0.9157, 0.0871) (0.9302, 0.6811) (0.9999, 1.0000) (0.9999, 0.9999) 
[08/19 17:36:38]   166/  200 (0.0007, 0.0006) (0.0917, 0.9147) (0.0005, 0.0005) (0.0579, 0.9165) * (0.8832, 0.1022) (0.9594, 0.0840) (0.9315, 0.6872) (0.9999, 1.0000) (0.9999, 0.9999) 
[08/19 17:40:45]   167/  200 (0.0007, 0.0006) (0.1470, 0.9139) (0.0005, 0.0005) (0.1153, 0.9153) * (0.8318, 0.1015) (0.9021, 0.0850) (0.9167, 0.7034) (1.0000, 1.0000) (0.9999, 1.0000) 
[08/19 17:44:49]   168/  200 (0.0007, 0.0007) (0.1120, 0.9130) (0.0005, 0.0005) (0.0770, 0.9140) * (0.8640, 0.1014) (0.9406, 0.0866) (0.9274, 0.6587) (1.0000, 1.0000) (0.9999, 0.9999) 
[08/19 17:49:00]   169/  200 (0.0007, 0.0007) (0.1334, 0.9140) (0.0005, 0.0005) (0.1010, 0.9161) * (0.8442, 0.1027) (0.9150, 0.0845) (0.9304, 0.6696) (1.0000, 1.0000) (0.9999, 0.9999) 
[08/19 17:53:06]   170/  200 (0.0007, 0.0007) (0.1411, 0.9133) (0.0005, 0.0005) (0.1099, 0.9142) * (0.8352, 0.1013) (0.9061, 0.0861) (0.9397, 0.6807) (0.9999, 1.0000) (0.9999, 0.9999) 
[08/19 17:57:10]   171/  200 (0.0007, 0.0006) (0.1581, 0.9148) (0.0005, 0.0005) (0.1263, 0.9160) * (0.8217, 0.0972) (0.8902, 0.0827) (0.9310, 0.6923) (1.0000, 1.0000) (0.9999, 0.9999) 
[08/19 18:01:15]   172/  200 (0.0007, 0.0008) (0.1646, 0.9121) (0.0005, 0.0006) (0.1310, 0.9126) * (0.8052, 0.1005) (0.8858, 0.0890) (0.9235, 0.6334) (1.0000, 1.0000) (0.9999, 0.9999) 
[08/19 18:05:27]   173/  200 (0.0007, 0.0008) (0.1339, 0.9134) (0.0005, 0.0006) (0.1028, 0.9138) * (0.8412, 0.1004) (0.9127, 0.0879) (0.9304, 0.6473) (1.0000, 1.0000) (0.9999, 0.9999) 
[08/19 18:09:32]   174/  200 (0.0007, 0.0007) (0.1188, 0.9141) (0.0005, 0.0005) (0.0870, 0.9150) * (0.8550, 0.0970) (0.9289, 0.0845) (0.9199, 0.6707) (0.9999, 1.0000) (0.9999, 0.9999) 
[08/19 18:13:38]   175/  200 (0.0007, 0.0008) (0.1498, 0.9133) (0.0005, 0.0006) (0.1176, 0.9143) * (0.8286, 0.1009) (0.8988, 0.0861) (0.9302, 0.6467) (1.0000, 1.0000) (0.9999, 0.9999) 
[08/19 18:17:48]   176/  200 (0.0007, 0.0007) (0.1801, 0.9135) (0.0005, 0.0005) (0.1457, 0.9141) * (0.7911, 0.1012) (0.8737, 0.0867) (0.9157, 0.6545) (1.0000, 1.0000) (0.9999, 0.9999) 
[08/19 18:21:52]   177/  200 (0.0007, 0.0008) (0.1311, 0.9138) (0.0005, 0.0006) (0.0993, 0.9146) * (0.8420, 0.1000) (0.9169, 0.0854) (0.9228, 0.6420) (0.9999, 1.0000) (0.9999, 0.9999) 
[08/19 18:25:57]   178/  200 (0.0007, 0.0007) (0.1541, 0.9136) (0.0005, 0.0005) (0.1236, 0.9143) * (0.8228, 0.1001) (0.8920, 0.0854) (0.9341, 0.6721) (1.0000, 1.0000) (0.9999, 0.9999) 
[08/19 18:29:59]   179/  200 (0.0007, 0.0006) (0.1445, 0.9151) (0.0005, 0.0005) (0.1108, 0.9169) * (0.8250, 0.1017) (0.9077, 0.0834) (0.9340, 0.7020) (0.9999, 1.0000) (0.9999, 1.0000) 
[08/19 18:34:09]   180/  200 (0.0007, 0.0008) (0.1606, 0.9142) (0.0005, 0.0006) (0.1323, 0.9148) * (0.8212, 0.0993) (0.8822, 0.0850) (0.9105, 0.6487) (1.0000, 1.0000) (0.9999, 0.9999) 
[08/19 18:38:12]   181/  200 (0.0007, 0.0007) (0.1279, 0.9151) (0.0005, 0.0005) (0.0961, 0.9167) * (0.8445, 0.1002) (0.9200, 0.0836) (0.9269, 0.6708) (1.0000, 1.0000) (0.9999, 0.9999) 
[08/19 18:42:14]   182/  200 (0.0007, 0.0007) (0.0986, 0.9148) (0.0005, 0.0005) (0.0608, 0.9158) * (0.8693, 0.0998) (0.9584, 0.0839) (0.9324, 0.6597) (1.0000, 1.0000) (0.9999, 0.9999) 
[08/19 18:46:22]   183/  200 (0.0007, 0.0007) (0.1262, 0.9136) (0.0005, 0.0006) (0.0942, 0.9142) * (0.8465, 0.1001) (0.9216, 0.0868) (0.9372, 0.6431) (1.0000, 1.0000) (0.9999, 0.9999) 
[08/19 18:50:24]   184/  200 (0.0007, 0.0007) (0.1179, 0.9140) (0.0005, 0.0005) (0.0834, 0.9145) * (0.8531, 0.0997) (0.9350, 0.0866) (0.9294, 0.6502) (0.9999, 1.0000) (0.9999, 0.9999) 
[08/19 18:54:26]   185/  200 (0.0007, 0.0007) (0.1206, 0.9147) (0.0005, 0.0005) (0.0896, 0.9162) * (0.8567, 0.1018) (0.9275, 0.0843) (0.9346, 0.6876) (1.0000, 1.0000) (0.9999, 0.9999) 
[08/19 18:58:25]   186/  200 (0.0007, 0.0006) (0.0978, 0.9171) (0.0005, 0.0005) (0.0669, 0.9192) * (0.8832, 0.0981) (0.9493, 0.0804) (0.9336, 0.7139) (1.0000, 1.0000) (0.9999, 1.0000) 
[08/19 19:02:35]   187/  200 (0.0007, 0.0006) (0.1224, 0.9163) (0.0005, 0.0005) (0.0947, 0.9179) * (0.8553, 0.0981) (0.9194, 0.0810) (0.9323, 0.6879) (1.0000, 1.0000) (0.9999, 1.0000) 
[08/19 19:06:37]   188/  200 (0.0007, 0.0007) (0.1170, 0.9156) (0.0005, 0.0005) (0.0856, 0.9163) * (0.8582, 0.0971) (0.9300, 0.0836) (0.9219, 0.6739) (1.0000, 1.0000) (0.9999, 0.9999) 
[08/19 19:10:40]   189/  200 (0.0007, 0.0006) (0.1370, 0.9162) (0.0005, 0.0005) (0.1004, 0.9179) * (0.8348, 0.0968) (0.9202, 0.0805) (0.9108, 0.6908) (1.0000, 1.0000) (0.9999, 1.0000) 
[08/19 19:14:43]   190/  200 (0.0007, 0.0007) (0.1125, 0.9152) (0.0005, 0.0005) (0.0817, 0.9157) * (0.8636, 0.0994) (0.9354, 0.0859) (0.9346, 0.6529) (1.0000, 1.0000) (0.9999, 0.9999) 
[08/19 19:18:50]   191/  200 (0.0007, 0.0007) (0.1386, 0.9155) (0.0005, 0.0005) (0.1098, 0.9168) * (0.8381, 0.0966) (0.9049, 0.0826) (0.9242, 0.6655) (1.0000, 1.0000) (0.9999, 0.9999) 
[08/19 19:22:52]   192/  200 (0.0007, 0.0007) (0.1658, 0.9149) (0.0005, 0.0006) (0.1364, 0.9153) * (0.8079, 0.0990) (0.8781, 0.0863) (0.9302, 0.6455) (1.0000, 1.0000) (0.9999, 0.9999) 
[08/19 19:26:53]   193/  200 (0.0007, 0.0007) (0.1101, 0.9149) (0.0005, 0.0005) (0.0762, 0.9156) * (0.8615, 0.0995) (0.9409, 0.0852) (0.9291, 0.6567) (1.0000, 1.0000) (0.9999, 0.9999) 
[08/19 19:31:02]   194/  200 (0.0007, 0.0007) (0.1614, 0.9151) (0.0005, 0.0005) (0.1322, 0.9164) * (0.8155, 0.1006) (0.8822, 0.0843) (0.9270, 0.6833) (1.0000, 1.0000) (0.9999, 0.9999) 
[08/19 19:35:04]   195/  200 (0.0007, 0.0007) (0.1351, 0.9148) (0.0005, 0.0005) (0.1023, 0.9159) * (0.8348, 0.1007) (0.9139, 0.0847) (0.9194, 0.6609) (1.0000, 1.0000) (0.9999, 0.9999) 
[08/19 19:39:04]   196/  200 (0.0007, 0.0007) (0.1018, 0.9146) (0.0005, 0.0005) (0.0708, 0.9159) * (0.8777, 0.1007) (0.9449, 0.0854) (0.9284, 0.6611) (1.0000, 1.0000) (0.9999, 0.9999) 
[08/19 19:43:07]   197/  200 (0.0007, 0.0007) (0.1406, 0.9152) (0.0005, 0.0005) (0.1087, 0.9162) * (0.8316, 0.1006) (0.9068, 0.0846) (0.9222, 0.6717) (1.0000, 1.0000) (0.9999, 0.9999) 
[08/19 19:47:17]   198/  200 (0.0007, 0.0007) (0.1492, 0.9149) (0.0005, 0.0005) (0.1177, 0.9159) * (0.8283, 0.1000) (0.8985, 0.0855) (0.9306, 0.6645) (1.0000, 1.0000) (0.9999, 0.9999) 
[08/19 19:51:20]   199/  200 (0.0007, 0.0006) (0.1471, 0.9168) (0.0005, 0.0005) (0.1182, 0.9191) * (0.8337, 0.0989) (0.8962, 0.0802) (0.9159, 0.6954) (1.0000, 1.0000) (0.9999, 0.9999) 
[08/19 19:55:22]   200/  200 (0.0007, 0.0007) (0.1551, 0.9151) (0.0005, 0.0005) (0.1245, 0.9167) * (0.8195, 0.0986) (0.8909, 0.0824) (0.9244, 0.6741) (1.0000, 1.0000) (0.9999, 0.9999) 
[08/19 19:55:23] [Fold 0] 학습 종료. best GUL(valid)=0.9074
[08/19 19:55:23] [Fold 1]
[08/19 19:58:03]   train 환자 59명 (병변슬라이스 235 + 정상대표 235) / val 환자 20명 (자연비율 1109슬라이스) / test 환자 20명 (자연비율 1188슬라이스)
[08/19 20:02:14]     1/  200 (0.0523, 0.0346) (0.9992, 0.9999) (0.4057, 0.3614) (0.9970, 0.9995) * (0.0091, 0.0002) (0.0965, 0.0030) (0.0066, 0.0542) (0.9673, 0.9973) (0.9670, 0.9973) 
[08/19 20:06:34]     2/  200 (0.0205, 0.0142) (0.9990, 0.9998) (0.2962, 0.2650) (0.9963, 0.9994) * (0.0358, 0.0112) (0.0341, 0.0011) (0.0303, 0.5380) (0.9991, 0.9999) (0.9988, 0.9998) 
[08/19 20:10:48]     3/  200 (0.0117, 0.0088) (0.9988, 0.9998) (0.2380, 0.2213) (0.9956, 0.9993) * (0.1086, 0.0206) (0.1241, 0.0079) (0.0920, 0.5050) (0.9995, 0.9998) (0.9992, 0.9997) 
[08/19 20:15:06]     4/  200 (0.0072, 0.0058) (0.9986, 0.9998) (0.1997, 0.1881) (0.9948, 0.9992) * (0.1471, 0.0269) (0.2087, 0.0062) (0.1332, 0.0407) (0.9990, 0.9996) (0.9988, 0.9996) 
[08/19 20:21:26]     5/  200 (0.0048, 0.0028) (0.9983, 0.9997) (0.1641, 0.1434) (0.9938, 0.9988) * (0.1614, 0.0597) (0.2358, 0.0522) (0.1645, 0.1115) (0.9990, 0.9996) (0.9988, 0.9996) 
[08/19 20:28:38]     6/  200 (0.0033, 0.0033) (0.9976, 0.9995) (0.1350, 0.1285) (0.9915, 0.9982) * (0.1655, 0.0210) (0.4323, 0.1005) (0.1881, 0.0287) (0.9986, 0.9965) (0.9984, 0.9965) 
[08/19 20:36:00]     7/  200 (0.0023, 0.0068) (0.9962, 0.9991) (0.1113, 0.1061) (0.9871, 0.9971) * (0.2014, 0.0158) (0.5660, 0.1185) (0.2515, 0.0240) (0.9985, 0.9937) (0.9984, 0.9937) 
[08/19 20:43:37]     8/  200 (0.0022, 0.0026) (0.9948, 0.9991) (0.0910, 0.0817) (0.9827, 0.9970) * (0.1876, 0.0344) (0.6088, 0.1037) (0.2509, 0.0796) (0.9986, 0.9982) (0.9985, 0.9982) 
[08/19 20:50:44]     9/  200 (0.0019, 0.0013) (0.9932, 0.9990) (0.0743, 0.0655) (0.9779, 0.9967) * (0.2295, 0.0402) (0.7546, 0.1118) (0.3031, 0.0851) (0.9988, 0.9991) (0.9987, 0.9991) 
[08/19 20:56:14]    10/  200 (0.0022, 0.0016) (0.9912, 0.9989) (0.0616, 0.0531) (0.9720, 0.9964) * (0.2035, 0.0479) (0.7689, 0.0938) (0.3039, 0.1306) (0.9988, 0.9991) (0.9987, 0.9991) 
[08/19 21:00:03]    11/  200 (0.0027, 0.0052) (0.9896, 0.9986) (0.0527, 0.0544) (0.9669, 0.9958) * (0.2045, 0.0392) (0.7203, 0.1049) (0.2895, 0.1146) (0.9985, 0.9965) (0.9984, 0.9965) 
[08/19 21:03:46]    12/  200 (0.0030, 0.0018) (0.9880, 0.9986) (0.0455, 0.0428) (0.9624, 0.9956) * (0.1955, 0.0447) (0.7519, 0.0945) (0.2817, 0.1066) (0.9981, 0.9984) (0.9981, 0.9984) 
[08/19 21:07:27]    13/  200 (0.0021, 0.0030) (0.9849, 0.9978) (0.0372, 0.0361) (0.9538, 0.9937) * (0.2307, 0.0384) (0.7859, 0.1083) (0.3258, 0.0551) (0.9989, 0.9978) (0.9989, 0.9978) 
[08/19 21:11:15]    14/  200 (0.0023, 0.0053) (0.9817, 0.9976) (0.0318, 0.0366) (0.9448, 0.9931) * (0.2251, 0.0394) (0.7645, 0.1121) (0.3203, 0.0693) (0.9988, 0.9970) (0.9988, 0.9969) 
[08/19 21:14:55]    15/  200 (0.0024, 0.0044) (0.9775, 0.9969) (0.0263, 0.0269) (0.9327, 0.9916) * (0.2369, 0.0363) (0.8468, 0.1157) (0.3378, 0.0559) (0.9989, 0.9971) (0.9988, 0.9970) 
[08/19 21:18:45]    16/  200 (0.0019, 0.0055) (0.9717, 0.9967) (0.0209, 0.0235) (0.9190, 0.9910) * (0.2491, 0.0394) (0.8217, 0.1174) (0.3489, 0.0827) (0.9992, 0.9976) (0.9992, 0.9975) 
[08/19 21:22:34]    17/  200 (0.0017, 0.0028) (0.9638, 0.9955) (0.0165, 0.0156) (0.8993, 0.9882) * (0.2503, 0.0335) (0.8332, 0.1219) (0.3645, 0.0888) (0.9993, 0.9989) (0.9993, 0.9989) 
[08/19 21:26:14]    18/  200 (0.0016, 0.0025) (0.9546, 0.9937) (0.0128, 0.0119) (0.8776, 0.9847) * (0.2692, 0.0383) (0.8409, 0.1229) (0.3887, 0.0478) (0.9994, 0.9990) (0.9994, 0.9990) 
[08/19 21:30:03]    19/  200 (0.0015, 0.0049) (0.9400, 0.9916) (0.0097, 0.0126) (0.8458, 0.9808) * (0.3147, 0.0370) (0.8505, 0.1204) (0.4352, 0.0509) (0.9995, 0.9984) (0.9995, 0.9984) 
[08/19 21:33:50]    20/  200 (0.0022, 0.0066) (0.9220, 0.9909) (0.0080, 0.0119) (0.8102, 0.9796) * (0.3101, 0.0457) (0.8653, 0.1180) (0.4077, 0.1502) (0.9993, 0.9982) (0.9993, 0.9982) 
[08/19 21:37:30]    21/  200 (0.0020, 0.0020) (0.8982, 0.9886) (0.0061, 0.0054) (0.7688, 0.9756) * (0.3268, 0.0491) (0.8190, 0.1105) (0.4382, 0.1198) (0.9995, 0.9995) (0.9994, 0.9994) 
[08/19 21:41:17]    22/  200 (0.0020, 0.0025) (0.8703, 0.9850) (0.0049, 0.0049) (0.7136, 0.9694) * (0.3857, 0.0433) (0.8634, 0.1186) (0.4842, 0.0843) (0.9995, 0.9993) (0.9994, 0.9992) 
[08/19 21:45:05]    23/  200 (0.0022, 0.0069) (0.8539, 0.9813) (0.0045, 0.0097) (0.6984, 0.9641) * (0.3326, 0.0414) (0.7836, 0.1245) (0.4269, 0.0973) (0.9994, 0.9979) (0.9993, 0.9978) 
[08/19 21:48:44]    24/  200 (0.0013, 0.0021) (0.7973, 0.9775) (0.0028, 0.0035) (0.6097, 0.9578) * (0.4335, 0.0496) (0.8663, 0.1211) (0.5456, 0.1546) (0.9997, 0.9994) (0.9997, 0.9994) 
[08/19 21:52:32]    25/  200 (0.0012, 0.0006) (0.7524, 0.9749) (0.0022, 0.0014) (0.5573, 0.9548) * (0.4579, 0.0596) (0.8462, 0.1121) (0.5677, 0.4450) (0.9998, 0.9999) (0.9997, 0.9999) 
[08/19 21:56:22]    26/  200 (0.0011, 0.0028) (0.7096, 0.9693) (0.0019, 0.0037) (0.5116, 0.9474) * (0.4869, 0.0655) (0.8420, 0.1164) (0.5840, 0.2849) (0.9997, 0.9994) (0.9997, 0.9993) 
[08/19 21:59:55]    27/  200 (0.0010, 0.0008) (0.6704, 0.9648) (0.0016, 0.0013) (0.4738, 0.9415) * (0.4822, 0.0634) (0.8258, 0.1145) (0.5996, 0.3717) (0.9998, 0.9998) (0.9998, 0.9998) 
[08/19 22:03:05]    28/  200 (0.0011, 0.0007) (0.6285, 0.9613) (0.0015, 0.0011) (0.4323, 0.9388) * (0.5085, 0.0649) (0.8330, 0.1073) (0.6212, 0.2698) (0.9998, 0.9999) (0.9998, 0.9998) 
[08/19 22:06:14]    29/  200 (0.0011, 0.0003) (0.6034, 0.9603) (0.0015, 0.0005) (0.4050, 0.9418) * (0.5137, 0.0802) (0.8476, 0.0865) (0.6037, 0.8057) (0.9998, 1.0000) (0.9998, 1.0000) 
[08/19 22:09:22]    30/  200 (0.0014, 0.0038) (0.5916, 0.9613) (0.0017, 0.0045) (0.4167, 0.9393) * (0.4859, 0.0695) (0.8106, 0.1084) (0.5727, 0.2018) (0.9997, 0.9990) (0.9997, 0.9990) 
[08/19 22:12:30]    31/  200 (0.0011, 0.0013) (0.5524, 0.9537) (0.0014, 0.0017) (0.3677, 0.9306) * (0.5243, 0.0843) (0.8339, 0.1082) (0.6264, 0.3550) (0.9998, 0.9997) (0.9998, 0.9997) 
[08/19 22:15:40]    32/  200 (0.0014, 0.0031) (0.5405, 0.9478) (0.0016, 0.0034) (0.3636, 0.9259) * (0.5102, 0.0783) (0.8405, 0.1084) (0.6307, 0.2518) (0.9998, 0.9994) (0.9997, 0.9994) 
[08/19 22:18:48]    33/  200 (0.0010, 0.0012) (0.5225, 0.9508) (0.0012, 0.0015) (0.3592, 0.9272) * (0.5289, 0.0770) (0.8207, 0.1093) (0.6437, 0.3601) (0.9998, 0.9998) (0.9998, 0.9998) 
[08/19 22:21:55]    34/  200 (0.0009, 0.0011) (0.4688, 0.9415) (0.0010, 0.0013) (0.2922, 0.9189) * (0.5681, 0.0778) (0.8690, 0.1104) (0.7094, 0.3963) (0.9999, 0.9998) (0.9998, 0.9998) 
[08/19 22:25:05]    35/  200 (0.0010, 0.0034) (0.4541, 0.9448) (0.0011, 0.0038) (0.2793, 0.9181) * (0.6020, 0.0579) (0.8826, 0.1246) (0.6894, 0.1185) (0.9999, 0.9993) (0.9998, 0.9993) 
[08/19 22:28:15]    36/  200 (0.0009, 0.0010) (0.4402, 0.9353) (0.0011, 0.0010) (0.2726, 0.9123) * (0.5770, 0.0745) (0.8698, 0.1137) (0.6876, 0.5063) (0.9999, 0.9999) (0.9998, 0.9998) 
[08/19 22:31:25]    37/  200 (0.0009, 0.0006) (0.4262, 0.9364) (0.0010, 0.0007) (0.2782, 0.9144) * (0.5846, 0.0852) (0.8412, 0.1113) (0.7388, 0.4543) (0.9999, 0.9999) (0.9998, 0.9999) 
[08/19 22:34:33]    38/  200 (0.0013, 0.0065) (0.4615, 0.9484) (0.0014, 0.0071) (0.3068, 0.9226) * (0.5600, 0.0515) (0.8440, 0.1233) (0.6504, 0.0968) (0.9998, 0.9987) (0.9998, 0.9987) 
[08/19 22:37:42]    39/  200 (0.0008, 0.0013) (0.4267, 0.9333) (0.0009, 0.0015) (0.2893, 0.9142) * (0.5800, 0.0877) (0.8256, 0.1055) (0.7171, 0.4672) (0.9999, 0.9998) (0.9998, 0.9998) 
[08/19 22:40:50]    40/  200 (0.0008, 0.0008) (0.3819, 0.9345) (0.0008, 0.0008) (0.2484, 0.9126) * (0.6217, 0.0779) (0.8483, 0.1119) (0.7333, 0.3530) (0.9999, 0.9999) (0.9999, 0.9999) 
[08/19 22:43:57]    41/  200 (0.0008, 0.0006) (0.3794, 0.9279) (0.0008, 0.0007) (0.2512, 0.9074) * (0.6116, 0.0832) (0.8488, 0.1131) (0.7269, 0.4989) (0.9999, 0.9999) (0.9999, 0.9999) 
[08/19 22:47:08]    42/  200 (0.0009, 0.0018) (0.4076, 0.9330) (0.0010, 0.0018) (0.2741, 0.9082) * (0.5800, 0.0698) (0.8354, 0.1243) (0.7192, 0.1109) (0.9999, 0.9997) (0.9998, 0.9997) 
[08/19 22:50:16]    43/  200 (0.0009, 0.0006) (0.3694, 0.9276) (0.0009, 0.0007) (0.2341, 0.9070) * (0.6151, 0.0811) (0.8639, 0.1128) (0.7416, 0.4349) (0.9999, 0.9999) (0.9999, 0.9999) 
[08/19 22:53:26]    44/  200 (0.0008, 0.0005) (0.3516, 0.9278) (0.0008, 0.0006) (0.2244, 0.9095) * (0.6367, 0.0854) (0.8656, 0.1078) (0.7525, 0.5644) (0.9999, 1.0000) (0.9999, 0.9999) 
[08/19 22:56:33]    45/  200 (0.0009, 0.0008) (0.3594, 0.9340) (0.0009, 0.0009) (0.2222, 0.9106) * (0.6113, 0.0660) (0.8732, 0.1171) (0.7099, 0.2872) (0.9999, 0.9999) (0.9999, 0.9999) 
[08/19 22:59:41]    46/  200 (0.0009, 0.0010) (0.3688, 0.9283) (0.0009, 0.0010) (0.2341, 0.9093) * (0.5945, 0.0797) (0.8649, 0.1097) (0.7197, 0.4532) (0.9999, 0.9999) (0.9998, 0.9998) 
[08/19 23:02:47]    47/  200 (0.0009, 0.0035) (0.3654, 0.9304) (0.0009, 0.0034) (0.2429, 0.9112) * (0.6102, 0.0747) (0.8489, 0.1100) (0.7392, 0.2475) (0.9999, 0.9995) (0.9999, 0.9995) 
[08/19 23:05:53]    48/  200 (0.0011, 0.0022) (0.3468, 0.9266) (0.0011, 0.0022) (0.2230, 0.9079) * (0.6183, 0.0778) (0.8705, 0.1107) (0.7245, 0.3013) (0.9999, 0.9997) (0.9998, 0.9997) 
[08/19 23:09:02]    49/  200 (0.0008, 0.0006) (0.3127, 0.9303) (0.0009, 0.0006) (0.1925, 0.9134) * (0.6530, 0.0798) (0.8910, 0.1010) (0.7717, 0.6038) (0.9999, 1.0000) (0.9999, 0.9999) 
[08/19 23:12:39]    50/  200 (0.0009, 0.0016) (0.3290, 0.9293) (0.0009, 0.0016) (0.2069, 0.9098) * (0.6329, 0.0705) (0.8779, 0.1110) (0.7417, 0.2655) (0.9999, 0.9998) (0.9999, 0.9997) 
[08/19 23:16:24]    51/  200 (0.0008, 0.0007) (0.3417, 0.9231) (0.0008, 0.0008) (0.2315, 0.9091) * (0.6245, 0.0891) (0.8429, 0.1026) (0.7448, 0.5589) (0.9999, 0.9999) (0.9999, 0.9999) 
[08/19 23:20:02]    52/  200 (0.0007, 0.0009) (0.3172, 0.9240) (0.0008, 0.0009) (0.2007, 0.9064) * (0.6514, 0.0781) (0.8795, 0.1093) (0.7529, 0.4215) (0.9999, 0.9999) (0.9999, 0.9999) 
[08/19 23:23:51]    53/  200 (0.0008, 0.0010) (0.3287, 0.9298) (0.0008, 0.0010) (0.2104, 0.9101) * (0.6312, 0.0758) (0.8698, 0.1088) (0.7398, 0.2623) (0.9999, 0.9999) (0.9999, 0.9998) 
[08/19 23:27:39]    54/  200 (0.0008, 0.0008) (0.2701, 0.9232) (0.0008, 0.0009) (0.1428, 0.9057) * (0.6824, 0.0775) (0.9419, 0.1107) (0.7826, 0.4796) (0.9999, 0.9999) (0.9999, 0.9999) 
[08/19 23:31:18]    55/  200 (0.0008, 0.0009) (0.2897, 0.9214) (0.0008, 0.0009) (0.1857, 0.9047) * (0.6631, 0.0796) (0.8851, 0.1099) (0.7845, 0.4882) (0.9999, 0.9999) (0.9999, 0.9999) 
[08/19 23:35:08]    56/  200 (0.0008, 0.0008) (0.3209, 0.9233) (0.0008, 0.0008) (0.2154, 0.9071) * (0.6247, 0.0785) (0.8513, 0.1069) (0.7680, 0.5108) (0.9999, 0.9999) (0.9999, 0.9999) 
[08/19 23:38:47]    57/  200 (0.0008, 0.0009) (0.3017, 0.9220) (0.0008, 0.0009) (0.1904, 0.9062) * (0.6492, 0.0846) (0.8817, 0.1076) (0.7851, 0.5597) (0.9999, 0.9999) (0.9999, 0.9999) 
[08/19 23:42:34]    58/  200 (0.0008, 0.0008) (0.2919, 0.9198) (0.0008, 0.0008) (0.1822, 0.9043) * (0.6563, 0.0858) (0.8871, 0.1081) (0.7913, 0.4891) (0.9999, 0.9999) (0.9999, 0.9999) 
[08/19 23:46:22]    59/  200 (0.0007, 0.0010) (0.2803, 0.9165) (0.0007, 0.0010) (0.1844, 0.9006) * (0.6797, 0.0853) (0.8717, 0.1138) (0.8209, 0.3842) (0.9999, 0.9999) (0.9999, 0.9999) 
[08/19 23:50:02]    60/  200 (0.0008, 0.0004) (0.3056, 0.9195) (0.0008, 0.0004) (0.2074, 0.9062) * (0.6413, 0.0897) (0.8588, 0.1045) (0.7865, 0.6193) (0.9999, 1.0000) (0.9999, 0.9999) 
[08/19 23:53:50]    61/  200 (0.0008, 0.0006) (0.2608, 0.9175) (0.0008, 0.0006) (0.1528, 0.9060) * (0.6880, 0.0885) (0.9171, 0.1015) (0.7965, 0.6059) (0.9999, 0.9999) (0.9999, 0.9999) 
[08/19 23:57:31]    62/  200 (0.0008, 0.0007) (0.2826, 0.9188) (0.0008, 0.0007) (0.1793, 0.9043) * (0.6645, 0.0840) (0.8830, 0.1081) (0.7974, 0.5869) (0.9999, 0.9999) (0.9999, 0.9999) 
[08/20 00:01:18]    63/  200 (0.0008, 0.0011) (0.2648, 0.9151) (0.0008, 0.0011) (0.1653, 0.9024) * (0.6821, 0.0884) (0.8963, 0.1068) (0.8131, 0.5474) (0.9999, 0.9999) (0.9999, 0.9999) 
[08/20 00:05:04]    64/  200 (0.0008, 0.0005) (0.2873, 0.9192) (0.0007, 0.0005) (0.1959, 0.9076) * (0.6658, 0.0898) (0.8610, 0.1014) (0.8131, 0.7006) (0.9999, 1.0000) (0.9999, 0.9999) 
[08/20 00:08:44]    65/  200 (0.0008, 0.0007) (0.2805, 0.9148) (0.0007, 0.0007) (0.1884, 0.9031) * (0.6758, 0.0905) (0.8731, 0.1066) (0.8159, 0.6267) (0.9999, 0.9999) (0.9999, 0.9999) 
[08/20 00:12:31]    66/  200 (0.0008, 0.0008) (0.2703, 0.9216) (0.0007, 0.0008) (0.1768, 0.9050) * (0.6782, 0.0771) (0.8790, 0.1100) (0.7975, 0.4436) (0.9999, 0.9999) (0.9999, 0.9999) 
[08/20 00:16:16]    67/  200 (0.0008, 0.0007) (0.2602, 0.9155) (0.0007, 0.0007) (0.1714, 0.9024) * (0.6933, 0.0898) (0.8809, 0.1080) (0.8230, 0.4675) (0.9999, 0.9999) (0.9999, 0.9999) 
[08/20 00:20:00]    68/  200 (0.0008, 0.0007) (0.2863, 0.9163) (0.0008, 0.0007) (0.1818, 0.9052) * (0.6527, 0.0899) (0.8845, 0.1046) (0.7873, 0.5309) (0.9999, 0.9999) (0.9999, 0.9999) 
[08/20 00:23:50]    69/  200 (0.0007, 0.0007) (0.2788, 0.9155) (0.0007, 0.0007) (0.1886, 0.9035) * (0.6714, 0.0882) (0.8661, 0.1062) (0.8395, 0.5710) (0.9999, 0.9999) (0.9999, 0.9999) 
[08/20 00:27:29]    70/  200 (0.0008, 0.0007) (0.2571, 0.9152) (0.0007, 0.0007) (0.1703, 0.9030) * (0.6928, 0.0874) (0.8810, 0.1071) (0.8232, 0.5749) (0.9999, 0.9999) (0.9999, 0.9999) 
[08/20 00:31:16]    71/  200 (0.0007, 0.0007) (0.2213, 0.9124) (0.0007, 0.0007) (0.1296, 0.8991) * (0.7336, 0.0892) (0.9260, 0.1120) (0.8225, 0.4875) (0.9999, 0.9999) (0.9999, 0.9999) 
[08/20 00:35:07]    72/  200 (0.0007, 0.0005) (0.2624, 0.9160) (0.0007, 0.0005) (0.1793, 0.9047) * (0.6934, 0.0892) (0.8697, 0.1041) (0.8185, 0.5882) (0.9999, 1.0000) (0.9999, 0.9999) 
[08/20 00:38:47]    73/  200 (0.0007, 0.0005) (0.2591, 0.9171) (0.0007, 0.0005) (0.1787, 0.9036) * (0.6918, 0.0836) (0.8725, 0.1072) (0.8205, 0.5617) (0.9999, 1.0000) (0.9999, 0.9999) 
[08/20 00:42:35]    74/  200 (0.0007, 0.0006) (0.2451, 0.9155) (0.0007, 0.0005) (0.1635, 0.9061) * (0.7007, 0.0944) (0.8834, 0.1007) (0.8318, 0.6711) (0.9999, 1.0000) (0.9999, 0.9999) 
[08/20 00:46:15]    75/  200 (0.0008, 0.0006) (0.2278, 0.9149) (0.0007, 0.0005) (0.1424, 0.9033) * (0.7224, 0.0878) (0.9105, 0.1053) (0.8343, 0.6172) (0.9999, 1.0000) (0.9999, 0.9999) 
[08/20 00:50:02]    76/  200 (0.0007, 0.0005) (0.2408, 0.9137) (0.0007, 0.0005) (0.1512, 0.9028) * (0.7067, 0.0920) (0.9022, 0.1055) (0.8153, 0.6298) (0.9999, 1.0000) (0.9999, 0.9999) 
[08/20 00:53:51]    77/  200 (0.0008, 0.0005) (0.2278, 0.9139) (0.0007, 0.0005) (0.1388, 0.9039) * (0.7165, 0.0930) (0.9159, 0.1040) (0.8062, 0.6441) (0.9999, 1.0000) (0.9999, 0.9999) 
[08/20 00:57:32]    78/  200 (0.0008, 0.0005) (0.2440, 0.9152) (0.0007, 0.0005) (0.1689, 0.9040) * (0.7027, 0.0891) (0.8737, 0.1042) (0.8470, 0.7096) (0.9999, 1.0000) (0.9999, 0.9999) 
[08/20 01:01:20]    79/  200 (0.0007, 0.0006) (0.2489, 0.9133) (0.0006, 0.0006) (0.1659, 0.9028) * (0.6992, 0.0898) (0.8849, 0.1059) (0.8201, 0.5435) (0.9999, 1.0000) (0.9999, 0.9999) 
[08/20 01:05:01]    80/  200 (0.0008, 0.0008) (0.2420, 0.9152) (0.0007, 0.0007) (0.1533, 0.9021) * (0.7025, 0.0855) (0.9019, 0.1086) (0.8192, 0.5950) (0.9999, 0.9999) (0.9999, 0.9999) 
[08/20 01:08:49]    81/  200 (0.0008, 0.0006) (0.2392, 0.9113) (0.0007, 0.0005) (0.1547, 0.9011) * (0.7027, 0.0921) (0.8959, 0.1074) (0.8443, 0.6677) (0.9999, 1.0000) (0.9999, 0.9999) 
[08/20 01:12:36]    82/  200 (0.0007, 0.0006) (0.2436, 0.9108) (0.0006, 0.0005) (0.1647, 0.9022) * (0.7031, 0.0965) (0.8841, 0.1041) (0.8493, 0.6936) (0.9999, 1.0000) (0.9999, 0.9999) 
[08/20 01:16:14]    83/  200 (0.0008, 0.0006) (0.2264, 0.9110) (0.0007, 0.0006) (0.1421, 0.9005) * (0.7225, 0.0912) (0.9115, 0.1076) (0.8360, 0.6175) (0.9999, 1.0000) (0.9999, 0.9999) 
[08/20 01:20:01]    84/  200 (0.0008, 0.0007) (0.2166, 0.9116) (0.0007, 0.0007) (0.1336, 0.9013) * (0.7272, 0.0915) (0.9138, 0.1066) (0.8250, 0.6092) (0.9999, 1.0000) (0.9999, 0.9999) 
[08/20 01:23:40]    85/  200 (0.0008, 0.0008) (0.2350, 0.9129) (0.0007, 0.0007) (0.1566, 0.9019) * (0.7079, 0.0895) (0.8883, 0.1066) (0.8379, 0.5755) (0.9999, 0.9999) (0.9999, 0.9999) 
[08/20 01:27:27]    86/  200 (0.0007, 0.0008) (0.2209, 0.9099) (0.0006, 0.0007) (0.1516, 0.9002) * (0.7320, 0.0933) (0.8903, 0.1066) (0.8609, 0.5495) (0.9999, 1.0000) (0.9999, 0.9999) 
[08/20 01:31:13]    87/  200 (0.0008, 0.0006) (0.1789, 0.9103) (0.0006, 0.0005) (0.1061, 0.9008) * (0.7734, 0.0941) (0.9345, 0.1064) (0.8616, 0.6648) (0.9999, 1.0000) (0.9999, 0.9999) 
[08/20 01:34:52]    88/  200 (0.0008, 0.0008) (0.2223, 0.9109) (0.0007, 0.0007) (0.1489, 0.8994) * (0.7287, 0.0951) (0.8954, 0.1094) (0.8520, 0.5300) (0.9999, 0.9999) (0.9999, 0.9999) 
[08/20 01:38:40]    89/  200 (0.0008, 0.0008) (0.2171, 0.9096) (0.0007, 0.0007) (0.1374, 0.8978) * (0.7270, 0.0892) (0.9079, 0.1111) (0.8570, 0.5679) (0.9999, 0.9999) (0.9999, 0.9999) 
[08/20 01:42:19]    90/  200 (0.0007, 0.0007) (0.2284, 0.9097) (0.0007, 0.0007) (0.1514, 0.9023) * (0.7218, 0.0973) (0.8923, 0.1023) (0.8297, 0.6000) (0.9999, 1.0000) (0.9999, 0.9999) 
[08/20 01:46:06]    91/  200 (0.0007, 0.0008) (0.2345, 0.9122) (0.0006, 0.0007) (0.1661, 0.9024) * (0.7136, 0.0915) (0.8739, 0.1052) (0.8445, 0.5906) (0.9999, 0.9999) (0.9999, 0.9999) 
[08/20 01:49:52]    92/  200 (0.0007, 0.0009) (0.2284, 0.9091) (0.0006, 0.0008) (0.1590, 0.8991) * (0.7203, 0.0945) (0.8810, 0.1083) (0.8514, 0.5642) (0.9999, 0.9999) (0.9999, 0.9999) 
[08/20 01:53:32]    93/  200 (0.0007, 0.0020) (0.2422, 0.9108) (0.0006, 0.0019) (0.1719, 0.8973) * (0.7073, 0.0865) (0.8723, 0.1130) (0.8297, 0.4083) (0.9999, 0.9998) (0.9999, 0.9997) 
[08/20 01:57:24]    94/  200 (0.0008, 0.0007) (0.2305, 0.9111) (0.0007, 0.0006) (0.1505, 0.9034) * (0.7115, 0.0961) (0.8984, 0.1028) (0.8322, 0.6208) (0.9999, 1.0000) (0.9999, 0.9999) 
[08/20 02:01:05]    95/  200 (0.0007, 0.0008) (0.2080, 0.9120) (0.0006, 0.0007) (0.1401, 0.9020) * (0.7464, 0.0905) (0.9013, 0.1056) (0.8563, 0.5543) (0.9999, 0.9999) (0.9999, 0.9999) 
[08/20 02:04:50]    96/  200 (0.0008, 0.0009) (0.2014, 0.9134) (0.0006, 0.0008) (0.1259, 0.9034) * (0.7377, 0.0929) (0.9176, 0.1037) (0.8513, 0.5416) (0.9999, 0.9999) (0.9999, 0.9999) 
[08/20 02:08:39]    97/  200 (0.0008, 0.0009) (0.2174, 0.9110) (0.0006, 0.0008) (0.1439, 0.9040) * (0.7308, 0.0954) (0.9017, 0.1010) (0.8290, 0.5083) (0.9999, 0.9999) (0.9999, 0.9999) 
[08/20 02:12:19]    98/  200 (0.0007, 0.0007) (0.1956, 0.9112) (0.0006, 0.0006) (0.1223, 0.9041) * (0.7489, 0.0966) (0.9232, 0.1021) (0.8486, 0.5993) (0.9999, 1.0000) (0.9999, 0.9999) 
[08/20 02:16:06]    99/  200 (0.0007, 0.0007) (0.1767, 0.9127) (0.0006, 0.0006) (0.1081, 0.9066) * (0.7760, 0.0966) (0.9334, 0.0981) (0.8708, 0.6614) (0.9999, 1.0000) (0.9999, 0.9999) 
[08/20 02:19:48]   100/  200 (0.0007, 0.0009) (0.1873, 0.9125) (0.0006, 0.0008) (0.1209, 0.9053) * (0.7653, 0.0953) (0.9185, 0.1008) (0.8675, 0.5935) (0.9999, 0.9999) (0.9999, 0.9999) 
[08/20 02:23:37]   101/  200 (0.0008, 0.0009) (0.2030, 0.9125) (0.0006, 0.0008) (0.1374, 0.9039) * (0.7479, 0.0917) (0.9022, 0.1028) (0.8488, 0.5392) (0.9999, 0.9999) (0.9999, 0.9999) 
[08/20 02:27:37]   102/  200 (0.0007, 0.0008) (0.1563, 0.9136) (0.0006, 0.0007) (0.0911, 0.9062) * (0.7941, 0.0926) (0.9455, 0.1002) (0.8808, 0.6203) (0.9999, 1.0000) (0.9999, 0.9999) 
[08/20 02:31:30]   103/  200 (0.0007, 0.0008) (0.1794, 0.9140) (0.0006, 0.0007) (0.1173, 0.9068) * (0.7738, 0.0944) (0.9180, 0.0985) (0.8740, 0.6095) (0.9999, 1.0000) (0.9999, 0.9999) 
[08/20 02:35:21]   104/  200 (0.0007, 0.0010) (0.1746, 0.9155) (0.0006, 0.0008) (0.1130, 0.9061) * (0.7782, 0.0889) (0.9215, 0.1017) (0.8710, 0.5719) (0.9999, 0.9999) (0.9999, 0.9999) 
[08/20 02:39:03]   105/  200 (0.0007, 0.0008) (0.2194, 0.9130) (0.0006, 0.0007) (0.1518, 0.9062) * (0.7307, 0.0944) (0.8903, 0.0993) (0.8771, 0.5996) (0.9999, 1.0000) (0.9999, 0.9999) 
[08/20 02:42:35]   106/  200 (0.0008, 0.0008) (0.1811, 0.9128) (0.0006, 0.0007) (0.1165, 0.9065) * (0.7672, 0.0957) (0.9190, 0.0990) (0.8711, 0.6147) (0.9999, 1.0000) (0.9999, 0.9999) 
[08/20 02:46:13]   107/  200 (0.0007, 0.0008) (0.1905, 0.9116) (0.0006, 0.0007) (0.1277, 0.9059) * (0.7599, 0.0977) (0.9077, 0.0982) (0.8785, 0.5977) (0.9999, 1.0000) (0.9999, 0.9999) 
[08/20 02:49:54]   108/  200 (0.0007, 0.0008) (0.1713, 0.9112) (0.0006, 0.0007) (0.1100, 0.9054) * (0.7826, 0.0968) (0.9260, 0.1001) (0.8811, 0.6377) (0.9999, 1.0000) (0.9999, 0.9999) 
[08/20 02:54:03]   109/  200 (0.0008, 0.0009) (0.1787, 0.9139) (0.0006, 0.0007) (0.1184, 0.9053) * (0.7758, 0.0907) (0.9143, 0.1021) (0.8835, 0.5920) (0.9999, 0.9999) (0.9999, 0.9999) 
[08/20 02:58:11]   110/  200 (0.0008, 0.0008) (0.2009, 0.9133) (0.0006, 0.0007) (0.1331, 0.9061) * (0.7444, 0.0929) (0.9065, 0.0998) (0.8684, 0.5813) (0.9999, 1.0000) (0.9999, 0.9999) 
[08/20 03:02:10]   111/  200 (0.0007, 0.0008) (0.1912, 0.9131) (0.0006, 0.0007) (0.1354, 0.9065) * (0.7635, 0.0941) (0.8958, 0.0987) (0.8764, 0.6067) (0.9999, 1.0000) (0.9999, 0.9999) 
[08/20 03:05:52]   112/  200 (0.0007, 0.0009) (0.2007, 0.9097) (0.0006, 0.0008) (0.1465, 0.9025) * (0.7609, 0.0956) (0.8840, 0.1028) (0.8855, 0.5241) (0.9999, 0.9999) (0.9999, 0.9999) 
[08/20 03:09:37]   113/  200 (0.0007, 0.0009) (0.1747, 0.9122) (0.0006, 0.0008) (0.1165, 0.9053) * (0.7852, 0.0948) (0.9163, 0.1000) (0.8869, 0.5571) (0.9999, 0.9999) (0.9999, 0.9999) 
[08/20 03:12:47]   114/  200 (0.0007, 0.0009) (0.1960, 0.9119) (0.0006, 0.0008) (0.1405, 0.9046) * (0.7618, 0.0941) (0.8971, 0.1008) (0.8814, 0.5538) (0.9999, 0.9999) (0.9999, 0.9999) 
[08/20 03:15:56]   115/  200 (0.0007, 0.0010) (0.2068, 0.9129) (0.0006, 0.0008) (0.1484, 0.9058) * (0.7463, 0.0936) (0.8851, 0.0992) (0.8775, 0.5633) (0.9999, 0.9999) (0.9999, 0.9999) 
[08/20 03:19:18]   116/  200 (0.0008, 0.0009) (0.1856, 0.9133) (0.0006, 0.0008) (0.1204, 0.9038) * (0.7640, 0.0890) (0.9162, 0.1036) (0.8399, 0.4731) (0.9999, 0.9999) (0.9999, 0.9999) 
[08/20 03:22:43]   117/  200 (0.0007, 0.0008) (0.1884, 0.9132) (0.0006, 0.0007) (0.1293, 0.9057) * (0.7610, 0.0934) (0.9019, 0.1004) (0.8541, 0.5741) (0.9999, 1.0000) (0.9999, 0.9999) 
[08/20 03:26:06]   118/  200 (0.0007, 0.0009) (0.1916, 0.9130) (0.0006, 0.0008) (0.1371, 0.9057) * (0.7657, 0.0944) (0.8944, 0.1006) (0.8762, 0.5711) (0.9999, 0.9999) (0.9999, 0.9999) 
[08/20 03:29:08]   119/  200 (0.0007, 0.0009) (0.1466, 0.9108) (0.0005, 0.0007) (0.0866, 0.9038) * (0.8072, 0.0965) (0.9487, 0.1020) (0.8795, 0.6093) (0.9999, 0.9999) (0.9999, 0.9999) 
[08/20 03:32:10]   120/  200 (0.0007, 0.0008) (0.2019, 0.9124) (0.0005, 0.0007) (0.1467, 0.9053) * (0.7524, 0.0939) (0.8852, 0.1004) (0.8733, 0.6033) (0.9999, 1.0000) (0.9999, 0.9999) 
[08/20 03:35:13]   121/  200 (0.0007, 0.0008) (0.1816, 0.9125) (0.0006, 0.0006) (0.1218, 0.9044) * (0.7689, 0.0929) (0.9123, 0.1015) (0.8765, 0.6110) (0.9999, 1.0000) (0.9999, 0.9999) 
[08/20 03:38:15]   122/  200 (0.0007, 0.0007) (0.1852, 0.9127) (0.0005, 0.0006) (0.1310, 0.9070) * (0.7753, 0.0966) (0.9008, 0.0980) (0.8833, 0.6576) (0.9999, 1.0000) (0.9999, 0.9999) 
[08/20 03:41:18]   123/  200 (0.0007, 0.0008) (0.1513, 0.9120) (0.0005, 0.0006) (0.0985, 0.9058) * (0.8065, 0.0959) (0.9312, 0.0994) (0.8912, 0.6260) (0.9999, 1.0000) (0.9999, 0.9999) 
[08/20 03:44:31]   124/  200 (0.0007, 0.0008) (0.1846, 0.9113) (0.0005, 0.0007) (0.1339, 0.9040) * (0.7772, 0.0950) (0.8954, 0.1023) (0.8924, 0.5801) (0.9999, 1.0000) (0.9999, 0.9999) 
[08/20 03:47:53]   125/  200 (0.0007, 0.0007) (0.1539, 0.9132) (0.0006, 0.0006) (0.0980, 0.9071) * (0.8037, 0.0950) (0.9354, 0.0975) (0.8878, 0.6707) (0.9999, 1.0000) (0.9999, 0.9999) 
[08/20 03:51:16]   126/  200 (0.0007, 0.0008) (0.1801, 0.9107) (0.0006, 0.0007) (0.1274, 0.9021) * (0.7811, 0.0930) (0.9033, 0.1051) (0.8889, 0.5736) (0.9999, 1.0000) (0.9999, 0.9999) 
[08/20 03:54:20]   127/  200 (0.0007, 0.0008) (0.1859, 0.9125) (0.0006, 0.0006) (0.1295, 0.9052) * (0.7716, 0.0936) (0.9040, 0.1008) (0.8748, 0.5960) (0.9999, 1.0000) (0.9999, 0.9999) 
[08/20 03:57:23]   128/  200 (0.0007, 0.0008) (0.1950, 0.9116) (0.0005, 0.0006) (0.1436, 0.9044) * (0.7633, 0.0944) (0.8850, 0.1009) (0.8893, 0.5899) (0.9999, 1.0000) (0.9999, 0.9999) 
[08/20 04:00:26]   129/  200 (0.0007, 0.0007) (0.1453, 0.9134) (0.0005, 0.0006) (0.0931, 0.9071) * (0.8125, 0.0946) (0.9362, 0.0976) (0.8970, 0.6381) (0.9999, 1.0000) (0.9999, 0.9999) 
[08/20 04:03:28]   130/  200 (0.0007, 0.0009) (0.1755, 0.9121) (0.0005, 0.0007) (0.1266, 0.9067) * (0.7898, 0.0974) (0.9001, 0.0979) (0.8915, 0.6399) (0.9999, 1.0000) (0.9999, 0.9999) 
[08/20 04:06:54]   131/  200 (0.0007, 0.0008) (0.1891, 0.9115) (0.0005, 0.0007) (0.1425, 0.9048) * (0.7749, 0.0950) (0.8823, 0.1002) (0.8881, 0.5970) (0.9999, 1.0000) (0.9999, 0.9999) 
[08/20 04:10:22]   132/  200 (0.0007, 0.0007) (0.1980, 0.9131) (0.0005, 0.0006) (0.1480, 0.9067) * (0.7581, 0.0943) (0.8786, 0.0979) (0.8928, 0.6418) (0.9999, 1.0000) (0.9999, 0.9999) 
[08/20 04:13:48]   133/  200 (0.0007, 0.0008) (0.1841, 0.9125) (0.0005, 0.0006) (0.1309, 0.9065) * (0.7728, 0.0954) (0.8987, 0.0976) (0.8918, 0.6173) (0.9999, 1.0000) (0.9999, 0.9999) 
[08/20 04:17:16]   134/  200 (0.0007, 0.0008) (0.1613, 0.9124) (0.0006, 0.0006) (0.1019, 0.9062) * (0.7930, 0.0950) (0.9330, 0.0985) (0.8802, 0.6212) (0.9999, 1.0000) (0.9999, 0.9999) 
[08/20 04:20:42]   135/  200 (0.0007, 0.0008) (0.1575, 0.9119) (0.0005, 0.0007) (0.1104, 0.9064) * (0.8045, 0.0960) (0.9148, 0.0984) (0.9018, 0.6723) (0.9999, 1.0000) (0.9999, 0.9999) 
[08/20 04:24:07]   136/  200 (0.0007, 0.0008) (0.1793, 0.9117) (0.0005, 0.0007) (0.1312, 0.9063) * (0.7811, 0.0971) (0.8951, 0.0984) (0.9042, 0.6514) (0.9999, 1.0000) (0.9999, 0.9999) 
[08/20 04:27:31]   137/  200 (0.0007, 0.0008) (0.2034, 0.9112) (0.0005, 0.0006) (0.1578, 0.9062) * (0.7613, 0.0979) (0.8677, 0.0983) (0.8802, 0.6660) (0.9999, 1.0000) (0.9999, 0.9999) 
[08/20 04:30:35]   138/  200 (0.0007, 0.0009) (0.1646, 0.9119) (0.0005, 0.0007) (0.1105, 0.9067) * (0.7911, 0.0971) (0.9194, 0.0980) (0.8859, 0.6365) (0.9999, 1.0000) (0.9999, 0.9999) 
[08/20 04:33:26]   139/  200 (0.0007, 0.0007) (0.1775, 0.9121) (0.0005, 0.0006) (0.1235, 0.9067) * (0.7812, 0.0968) (0.9080, 0.0981) (0.8987, 0.6686) (0.9999, 1.0000) (0.9999, 0.9999) 
[08/20 04:36:52]   140/  200 (0.0007, 0.0008) (0.1590, 0.9123) (0.0005, 0.0006) (0.1111, 0.9067) * (0.8038, 0.0959) (0.9153, 0.0980) (0.8998, 0.6537) (0.9999, 1.0000) (0.9999, 0.9999) 
[08/20 04:42:56]   141/  200 (0.0007, 0.0007) (0.1559, 0.9125) (0.0005, 0.0006) (0.1100, 0.9074) * (0.8107, 0.0965) (0.9162, 0.0974) (0.9025, 0.6861) (0.9999, 1.0000) (0.9999, 0.9999) 
[08/20 04:48:26]   142/  200 (0.0008, 0.0010) (0.1642, 0.9108) (0.0005, 0.0008) (0.1170, 0.9057) * (0.7988, 0.0978) (0.9084, 0.0989) (0.8861, 0.6554) (0.9999, 1.0000) (0.9999, 0.9999) 
[08/20 04:51:54]   143/  200 (0.0007, 0.0009) (0.1614, 0.9111) (0.0005, 0.0008) (0.1138, 0.9059) * (0.8026, 0.0973) (0.9133, 0.0985) (0.8967, 0.6478) (0.9999, 1.0000) (0.9999, 0.9999) 
[08/20 04:55:24]   144/  200 (0.0007, 0.0008) (0.1796, 0.9111) (0.0005, 0.0006) (0.1284, 0.9068) * (0.7769, 0.0980) (0.8992, 0.0976) (0.8955, 0.6767) (0.9999, 1.0000) (0.9999, 0.9999) 
[08/20 04:58:51]   145/  200 (0.0007, 0.0009) (0.1484, 0.9112) (0.0005, 0.0007) (0.1017, 0.9056) * (0.8133, 0.0964) (0.9252, 0.0989) (0.9001, 0.6259) (0.9999, 1.0000) (0.9999, 0.9999) 
[08/20 05:02:37]   146/  200 (0.0007, 0.0009) (0.1690, 0.9111) (0.0005, 0.0007) (0.1168, 0.9057) * (0.7865, 0.0969) (0.9124, 0.0988) (0.8964, 0.6333) (0.9999, 1.0000) (0.9999, 0.9999) 
[08/20 05:06:01]   147/  200 (0.0007, 0.0008) (0.1716, 0.9131) (0.0005, 0.0006) (0.1240, 0.9075) * (0.7961, 0.0959) (0.9038, 0.0976) (0.8867, 0.6353) (0.9999, 1.0000) (0.9999, 0.9999) 
[08/20 05:09:26]   148/  200 (0.0007, 0.0008) (0.1585, 0.9117) (0.0005, 0.0007) (0.1135, 0.9064) * (0.8080, 0.0973) (0.9103, 0.0982) (0.8917, 0.6619) (0.9999, 1.0000) (0.9999, 0.9999) 
[08/20 05:12:50]   149/  200 (0.0007, 0.0009) (0.1538, 0.9090) (0.0005, 0.0007) (0.1088, 0.9015) * (0.8076, 0.0942) (0.9136, 0.1040) (0.9037, 0.5420) (0.9999, 1.0000) (0.9999, 0.9999) 
[08/20 05:16:17]   150/  200 (0.0007, 0.0008) (0.1572, 0.9116) (0.0005, 0.0006) (0.1069, 0.9072) * (0.8032, 0.0985) (0.9234, 0.0973) (0.8916, 0.6727) (0.9999, 1.0000) (0.9999, 0.9999) 
[08/20 05:19:42]   151/  200 (0.0007, 0.0008) (0.1891, 0.9116) (0.0005, 0.0007) (0.1475, 0.9068) * (0.7778, 0.0977) (0.8747, 0.0973) (0.8849, 0.6076) (0.9999, 1.0000) (0.9999, 0.9999) 
[08/20 05:23:04]   152/  200 (0.0007, 0.0009) (0.1856, 0.9102) (0.0005, 0.0007) (0.1390, 0.9052) * (0.7771, 0.0979) (0.8858, 0.0991) (0.8887, 0.6053) (0.9999, 1.0000) (0.9999, 0.9999) 
[08/20 05:26:25]   153/  200 (0.0007, 0.0009) (0.1761, 0.9111) (0.0005, 0.0007) (0.1298, 0.9055) * (0.7884, 0.0972) (0.8968, 0.0986) (0.8816, 0.5721) (0.9999, 1.0000) (0.9999, 0.9999) 
[08/20 05:29:30]   154/  200 (0.0007, 0.0008) (0.1508, 0.9117) (0.0005, 0.0007) (0.1008, 0.9063) * (0.8094, 0.0962) (0.9265, 0.0981) (0.8982, 0.6003) (0.9999, 1.0000) (0.9999, 0.9999) 
[08/20 05:32:31]   155/  200 (0.0007, 0.0009) (0.1551, 0.9107) (0.0005, 0.0007) (0.1139, 0.9050) * (0.8151, 0.0964) (0.9088, 0.0999) (0.9104, 0.5436) (1.0000, 1.0000) (0.9999, 0.9999) 
[08/20 05:35:32]   156/  200 (0.0007, 0.0009) (0.1799, 0.9108) (0.0005, 0.0007) (0.1290, 0.9061) * (0.7797, 0.0984) (0.8998, 0.0979) (0.8865, 0.5979) (0.9999, 1.0000) (0.9999, 0.9999) 
[08/20 05:38:38]   157/  200 (0.0007, 0.0009) (0.1546, 0.9110) (0.0005, 0.0007) (0.1118, 0.9061) * (0.8117, 0.0980) (0.9112, 0.0984) (0.9026, 0.6228) (0.9999, 1.0000) (0.9999, 0.9999) 
[08/20 05:41:42]   158/  200 (0.0008, 0.0011) (0.1786, 0.9106) (0.0005, 0.0008) (0.1308, 0.9039) * (0.7790, 0.0945) (0.8973, 0.1008) (0.9028, 0.4787) (0.9999, 0.9999) (0.9999, 0.9999) 
[08/20 05:44:43]   159/  200 (0.0007, 0.0009) (0.1589, 0.9099) (0.0005, 0.0007) (0.1120, 0.9048) * (0.8052, 0.0978) (0.9141, 0.0993) (0.9085, 0.5947) (1.0000, 1.0000) (0.9999, 0.9999) 
[08/20 05:47:43]   160/  200 (0.0007, 0.0010) (0.1696, 0.9099) (0.0005, 0.0008) (0.1213, 0.9037) * (0.7894, 0.0962) (0.9063, 0.1015) (0.8955, 0.5588) (0.9999, 0.9999) (0.9999, 0.9999) 
[08/20 05:50:43]   161/  200 (0.0007, 0.0009) (0.2108, 0.9104) (0.0005, 0.0007) (0.1640, 0.9050) * (0.7482, 0.0973) (0.8616, 0.1000) (0.8707, 0.5946) (0.9999, 1.0000) (0.9999, 0.9999) 
[08/20 05:53:42]   162/  200 (0.0007, 0.0008) (0.1344, 0.9113) (0.0005, 0.0006) (0.0867, 0.9061) * (0.8285, 0.0967) (0.9396, 0.0984) (0.8898, 0.6618) (0.9999, 1.0000) (0.9999, 0.9999) 
[08/20 05:56:42]   163/  200 (0.0007, 0.0008) (0.1451, 0.9108) (0.0005, 0.0006) (0.0968, 0.9064) * (0.8198, 0.0984) (0.9324, 0.0979) (0.8962, 0.6768) (1.0000, 1.0000) (0.9999, 0.9999) 
[08/20 05:59:42]   164/  200 (0.0007, 0.0008) (0.1410, 0.9107) (0.0005, 0.0007) (0.0942, 0.9055) * (0.8225, 0.0970) (0.9321, 0.0984) (0.8995, 0.6333) (0.9999, 1.0000) (0.9999, 0.9999) 
[08/20 06:02:42]   165/  200 (0.0007, 0.0008) (0.1466, 0.9125) (0.0005, 0.0006) (0.1015, 0.9068) * (0.8157, 0.0956) (0.9226, 0.0977) (0.9021, 0.6605) (1.0000, 1.0000) (0.9999, 0.9999) 
[08/20 06:05:42]   166/  200 (0.0007, 0.0008) (0.1692, 0.9111) (0.0005, 0.0006) (0.1197, 0.9052) * (0.7925, 0.0955) (0.9087, 0.0987) (0.8896, 0.6040) (1.0000, 1.0000) (0.9999, 0.9999) 
[08/20 06:08:42]   167/  200 (0.0007, 0.0008) (0.1777, 0.9112) (0.0005, 0.0007) (0.1316, 0.9060) * (0.7851, 0.0969) (0.8956, 0.0982) (0.8879, 0.6151) (1.0000, 1.0000) (0.9999, 0.9999) 
[08/20 06:11:42]   168/  200 (0.0007, 0.0009) (0.1671, 0.9118) (0.0005, 0.0007) (0.1131, 0.9055) * (0.7885, 0.0959) (0.9187, 0.0999) (0.8899, 0.5901) (1.0000, 1.0000) (0.9999, 0.9999) 
[08/20 06:14:42]   169/  200 (0.0007, 0.0008) (0.1394, 0.9120) (0.0005, 0.0006) (0.0957, 0.9066) * (0.8255, 0.0968) (0.9271, 0.0978) (0.9014, 0.6178) (1.0000, 1.0000) (0.9999, 0.9999) 
[08/20 06:17:42]   170/  200 (0.0007, 0.0008) (0.1593, 0.9110) (0.0005, 0.0006) (0.1141, 0.9065) * (0.8021, 0.0983) (0.9107, 0.0978) (0.9061, 0.6370) (1.0000, 1.0000) (0.9999, 0.9999) 
[08/20 06:20:42]   171/  200 (0.0007, 0.0009) (0.1640, 0.9112) (0.0005, 0.0007) (0.1194, 0.9069) * (0.7991, 0.0990) (0.9054, 0.0975) (0.9013, 0.6191) (1.0000, 1.0000) (0.9999, 0.9999) 
[08/20 06:23:41]   172/  200 (0.0007, 0.0008) (0.1644, 0.9116) (0.0005, 0.0006) (0.1170, 0.9078) * (0.7969, 0.0992) (0.9114, 0.0958) (0.9008, 0.6471) (1.0000, 1.0000) (0.9999, 0.9999) 
[08/20 06:26:41]   173/  200 (0.0007, 0.0008) (0.1312, 0.9116) (0.0005, 0.0006) (0.0859, 0.9065) * (0.8293, 0.0975) (0.9383, 0.0977) (0.9003, 0.6401) (1.0000, 1.0000) (0.9999, 0.9999) 
[08/20 06:29:42]   174/  200 (0.0007, 0.0008) (0.1374, 0.9113) (0.0005, 0.0006) (0.0925, 0.9064) * (0.8315, 0.0973) (0.9328, 0.0980) (0.8949, 0.6365) (1.0000, 1.0000) (0.9999, 0.9999) 
[08/20 06:32:41]   175/  200 (0.0007, 0.0008) (0.1382, 0.9117) (0.0005, 0.0006) (0.0940, 0.9071) * (0.8275, 0.0980) (0.9312, 0.0969) (0.9103, 0.6255) (1.0000, 1.0000) (0.9999, 0.9999) 
[08/20 06:35:41]   176/  200 (0.0007, 0.0008) (0.1856, 0.9121) (0.0005, 0.0006) (0.1394, 0.9075) * (0.7767, 0.0974) (0.8857, 0.0968) (0.9058, 0.6681) (1.0000, 1.0000) (0.9999, 0.9999) 
[08/20 06:38:41]   177/  200 (0.0007, 0.0008) (0.1496, 0.9120) (0.0005, 0.0006) (0.1088, 0.9074) * (0.8183, 0.0983) (0.9144, 0.0970) (0.9077, 0.6111) (1.0000, 1.0000) (0.9999, 0.9999) 
[08/20 06:41:41]   178/  200 (0.0007, 0.0007) (0.1464, 0.9114) (0.0005, 0.0006) (0.1046, 0.9071) * (0.8208, 0.0983) (0.9183, 0.0968) (0.9103, 0.6795) (1.0000, 1.0000) (0.9999, 0.9999) 
[08/20 06:44:41]   179/  200 (0.0007, 0.0008) (0.1628, 0.9111) (0.0005, 0.0006) (0.1236, 0.9063) * (0.8055, 0.0978) (0.8990, 0.0979) (0.9108, 0.6368) (1.0000, 1.0000) (0.9999, 0.9999) 
[08/20 06:47:43]   180/  200 (0.0007, 0.0008) (0.1554, 0.9111) (0.0005, 0.0006) (0.1127, 0.9063) * (0.8120, 0.0980) (0.9100, 0.0978) (0.9108, 0.6515) (1.0000, 1.0000) (0.9999, 0.9999) 
[08/20 06:50:52]   181/  200 (0.0007, 0.0008) (0.1719, 0.9114) (0.0005, 0.0006) (0.1310, 0.9071) * (0.7928, 0.0984) (0.8912, 0.0965) (0.9005, 0.6654) (1.0000, 1.0000) (0.9999, 0.9999) 
[08/20 06:54:06]   182/  200 (0.0007, 0.0008) (0.1650, 0.9110) (0.0005, 0.0006) (0.1182, 0.9071) * (0.8012, 0.0980) (0.9078, 0.0961) (0.9032, 0.6362) (1.0000, 1.0000) (0.9999, 0.9999) 
[08/20 06:57:06]   183/  200 (0.0007, 0.0008) (0.1562, 0.9112) (0.0005, 0.0006) (0.1147, 0.9067) * (0.8107, 0.0978) (0.9089, 0.0976) (0.9089, 0.6763) (1.0000, 1.0000) (0.9999, 0.9999) 
[08/20 07:00:06]   184/  200 (0.0008, 0.0008) (0.1383, 0.9104) (0.0005, 0.0006) (0.0908, 0.9056) * (0.8235, 0.0984) (0.9354, 0.0991) (0.9027, 0.6022) (1.0000, 1.0000) (0.9999, 0.9999) 
[08/20 07:03:06]   185/  200 (0.0007, 0.0008) (0.1194, 0.9116) (0.0005, 0.0006) (0.0767, 0.9069) * (0.8501, 0.0976) (0.9467, 0.0965) (0.9136, 0.6468) (1.0000, 1.0000) (0.9999, 0.9999) 
[08/20 07:06:10]   186/  200 (0.0007, 0.0008) (0.1428, 0.9114) (0.0005, 0.0006) (0.0943, 0.9066) * (0.8178, 0.0974) (0.9340, 0.0976) (0.8972, 0.6006) (1.0000, 1.0000) (0.9999, 0.9999) 
[08/20 07:09:15]   187/  200 (0.0007, 0.0008) (0.1575, 0.9119) (0.0005, 0.0006) (0.1091, 0.9075) * (0.8031, 0.0980) (0.9186, 0.0958) (0.8991, 0.6321) (1.0000, 1.0000) (0.9999, 0.9999) 
[08/20 07:12:21]   188/  200 (0.0007, 0.0008) (0.1867, 0.9118) (0.0005, 0.0006) (0.1462, 0.9077) * (0.7801, 0.0979) (0.8756, 0.0961) (0.9036, 0.6609) (1.0000, 1.0000) (0.9999, 0.9999) 
[08/20 07:15:27]   189/  200 (0.0007, 0.0008) (0.1443, 0.9120) (0.0005, 0.0006) (0.1041, 0.9071) * (0.8217, 0.0966) (0.9162, 0.0972) (0.9218, 0.6573) (1.0000, 1.0000) (0.9999, 0.9999) 
[08/20 07:18:32]   190/  200 (0.0007, 0.0007) (0.1619, 0.9114) (0.0005, 0.0006) (0.1154, 0.9070) * (0.7999, 0.0978) (0.9123, 0.0973) (0.8951, 0.6581) (1.0000, 1.0000) (0.9999, 0.9999) 
[08/20 07:21:36]   191/  200 (0.0007, 0.0008) (0.1428, 0.9110) (0.0005, 0.0006) (0.1031, 0.9072) * (0.8247, 0.0996) (0.9172, 0.0966) (0.8979, 0.6410) (1.0000, 1.0000) (0.9999, 0.9999) 
[08/20 07:24:39]   192/  200 (0.0007, 0.0008) (0.1973, 0.9113) (0.0005, 0.0006) (0.1537, 0.9069) * (0.7691, 0.0982) (0.8711, 0.0973) (0.9016, 0.6618) (1.0000, 1.0000) (0.9999, 0.9999) 
[08/20 07:27:43]   193/  200 (0.0007, 0.0008) (0.1426, 0.9118) (0.0005, 0.0006) (0.0931, 0.9075) * (0.8175, 0.0982) (0.9368, 0.0973) (0.8962, 0.6799) (1.0000, 1.0000) (0.9999, 0.9999) 
[08/20 07:30:47]   194/  200 (0.0007, 0.0008) (0.1564, 0.9124) (0.0005, 0.0006) (0.1128, 0.9083) * (0.8090, 0.0976) (0.9115, 0.0952) (0.9010, 0.6747) (1.0000, 1.0000) (0.9999, 0.9999) 
[08/20 07:33:51]   195/  200 (0.0007, 0.0007) (0.1636, 0.9122) (0.0005, 0.0006) (0.1234, 0.9080) * (0.8023, 0.0983) (0.8975, 0.0960) (0.9096, 0.6575) (1.0000, 1.0000) (0.9999, 0.9999) 
[08/20 07:36:54]   196/  200 (0.0007, 0.0008) (0.1530, 0.9116) (0.0005, 0.0006) (0.1084, 0.9078) * (0.8091, 0.0981) (0.9156, 0.0958) (0.9122, 0.6612) (1.0000, 1.0000) (0.9999, 0.9999) 
[08/20 07:39:58]   197/  200 (0.0007, 0.0007) (0.1804, 0.9116) (0.0005, 0.0006) (0.1394, 0.9078) * (0.7835, 0.0982) (0.8847, 0.0958) (0.9003, 0.7045) (1.0000, 1.0000) (0.9999, 0.9999) 
[08/20 07:43:01]   198/  200 (0.0007, 0.0008) (0.1880, 0.9110) (0.0005, 0.0006) (0.1459, 0.9070) * (0.7809, 0.0982) (0.8778, 0.0968) (0.8941, 0.6762) (1.0000, 1.0000) (0.9999, 0.9999) 
[08/20 07:46:04]   199/  200 (0.0007, 0.0008) (0.1481, 0.9111) (0.0005, 0.0006) (0.1087, 0.9067) * (0.8190, 0.0985) (0.9118, 0.0972) (0.9084, 0.6406) (1.0000, 1.0000) (0.9999, 0.9999) 
[08/20 07:49:08]   200/  200 (0.0007, 0.0008) (0.1440, 0.9115) (0.0005, 0.0006) (0.0987, 0.9074) * (0.8184, 0.0984) (0.9254, 0.0967) (0.8953, 0.6438) (1.0000, 1.0000) (0.9999, 0.9999) 
[08/20 07:49:09] [Fold 1] 학습 종료. best GUL(valid)=0.8973
[08/20 07:49:09] [Fold 2]
[08/20 07:51:14]   train 환자 59명 (병변슬라이스 270 + 정상대표 270) / val 환자 20명 (자연비율 1156슬라이스) / test 환자 20명 (자연비율 1181슬라이스)
[08/20 07:54:34]     1/  200 (0.0393, 0.0316) (0.9989, 0.9998) (0.3695, 0.3222) (0.9960, 0.9993) * (0.0215, 0.0058) (0.1645, 0.0221) (0.0314, 0.0126) (0.9817, 0.9865) (0.9814, 0.9865) 
[08/20 07:57:54]     2/  200 (0.0134, 0.0089) (0.9985, 0.9997) (0.2567, 0.2233) (0.9944, 0.9989) * (0.1829, 0.0377) (0.2894, 0.0467) (0.1870, 0.0642) (0.9991, 0.9991) (0.9989, 0.9991) 
[08/20 08:01:19]     3/  200 (0.0071, 0.0061) (0.9974, 0.9997) (0.1986, 0.1956) (0.9911, 0.9991) * (0.1872, 0.0344) (0.4904, 0.0198) (0.2454, 0.4627) (0.9986, 0.9999) (0.9985, 0.9998) 
[08/20 08:05:36]     4/  200 (0.0041, 0.0088) (0.9965, 0.9992) (0.1555, 0.1446) (0.9881, 0.9975) * (0.2080, 0.0127) (0.5409, 0.0942) (0.2624, 0.0206) (0.9989, 0.9940) (0.9987, 0.9940) 
[08/20 08:09:12]     5/  200 (0.0033, 0.0031) (0.9950, 0.9991) (0.1242, 0.1112) (0.9835, 0.9972) * (0.2134, 0.0372) (0.6524, 0.0679) (0.2799, 0.1149) (0.9984, 0.9980) (0.9983, 0.9979) 
[08/20 08:12:38]     6/  200 (0.0023, 0.0108) (0.9930, 0.9988) (0.0987, 0.1008) (0.9773, 0.9963) * (0.2488, 0.0144) (0.6810, 0.0980) (0.3222, 0.0299) (0.9989, 0.9944) (0.9989, 0.9944) 
[08/20 08:16:06]     7/  200 (0.0027, 0.0175) (0.9922, 0.9986) (0.0810, 0.0966) (0.9746, 0.9958) * (0.2002, 0.0099) (0.7341, 0.1030) (0.2675, 0.0160) (0.9981, 0.9874) (0.9980, 0.9874) 
[08/20 08:19:33]     8/  200 (0.0024, 0.0401) (0.9893, 0.9982) (0.0630, 0.1052) (0.9659, 0.9948) * (0.2402, 0.0068) (0.7540, 0.0908) (0.3171, 0.0104) (0.9985, 0.9750) (0.9984, 0.9750) 
[08/20 08:22:59]     9/  200 (0.0029, 0.0072) (0.9867, 0.9977) (0.0509, 0.0493) (0.9585, 0.9933) * (0.1930, 0.0206) (0.7335, 0.0931) (0.2590, 0.0796) (0.9982, 0.9954) (0.9981, 0.9954) 
[08/20 08:26:25]    10/  200 (0.0026, 0.0020) (0.9815, 0.9971) (0.0383, 0.0323) (0.9438, 0.9921) * (0.2164, 0.0300) (0.8191, 0.0939) (0.3078, 0.0727) (0.9985, 0.9989) (0.9985, 0.9989) 
[08/20 08:29:52]    11/  200 (0.0032, 0.0005) (0.9761, 0.9970) (0.0307, 0.0269) (0.9290, 0.9921) * (0.2170, 0.0482) (0.8201, 0.0817) (0.3086, 0.2125) (0.9983, 0.9996) (0.9983, 0.9996) 
[08/20 08:33:19]    12/  200 (0.0025, 0.0156) (0.9682, 0.9953) (0.0231, 0.0369) (0.9088, 0.9881) * (0.2441, 0.0195) (0.8576, 0.1088) (0.3479, 0.0302) (0.9989, 0.9940) (0.9989, 0.9940) 
[08/20 08:36:44]    13/  200 (0.0024, 0.0014) (0.9562, 0.9938) (0.0173, 0.0135) (0.8797, 0.9854) * (0.2629, 0.0324) (0.8571, 0.0917) (0.3655, 0.1567) (0.9990, 0.9994) (0.9990, 0.9994) 
[08/20 08:40:10]    14/  200 (0.0027, 0.0092) (0.9426, 0.9926) (0.0131, 0.0203) (0.8495, 0.9832) * (0.2506, 0.0270) (0.8240, 0.0988) (0.3525, 0.0548) (0.9991, 0.9970) (0.9990, 0.9970) 
[08/20 08:43:44]    15/  200 (0.0031, 0.0035) (0.9283, 0.9901) (0.0110, 0.0095) (0.8193, 0.9786) * (0.2558, 0.0364) (0.7783, 0.0915) (0.3489, 0.1778) (0.9987, 0.9990) (0.9987, 0.9990) 
[08/20 08:47:20]    16/  200 (0.0022, 0.0198) (0.8912, 0.9872) (0.0068, 0.0244) (0.7546, 0.9725) * (0.3269, 0.0190) (0.8240, 0.1040) (0.4298, 0.0467) (0.9993, 0.9954) (0.9993, 0.9954) 
[08/20 08:51:12]    17/  200 (0.0027, 0.0010) (0.8550, 0.9816) (0.0057, 0.0030) (0.6993, 0.9664) * (0.3123, 0.0489) (0.8110, 0.0884) (0.4062, 0.2653) (0.9993, 0.9997) (0.9993, 0.9997) 
[08/20 08:55:56]    18/  200 (0.0020, 0.0005) (0.7975, 0.9803) (0.0039, 0.0018) (0.6142, 0.9645) * (0.3711, 0.0521) (0.8048, 0.0831) (0.4836, 0.5176) (0.9995, 0.9999) (0.9994, 0.9999) 
[08/20 08:59:46]    19/  200 (0.0022, 0.0028) (0.7593, 0.9753) (0.0035, 0.0040) (0.5802, 0.9583) * (0.3656, 0.0421) (0.8026, 0.0934) (0.4564, 0.2391) (0.9995, 0.9993) (0.9994, 0.9993) 
[08/20 09:03:23]    20/  200 (0.0015, 0.0010) (0.6840, 0.9702) (0.0023, 0.0016) (0.4892, 0.9510) * (0.4578, 0.0486) (0.8100, 0.0912) (0.5450, 0.2115) (0.9997, 0.9997) (0.9996, 0.9997) 
[08/20 09:07:00]    21/  200 (0.0013, 0.0007) (0.6326, 0.9648) (0.0018, 0.0012) (0.4478, 0.9442) * (0.4787, 0.0533) (0.8015, 0.0946) (0.5648, 0.2066) (0.9997, 0.9998) (0.9997, 0.9998) 
[08/20 09:10:38]    22/  200 (0.0012, 0.0009) (0.5948, 0.9647) (0.0017, 0.0014) (0.4179, 0.9460) * (0.4906, 0.0473) (0.8105, 0.0919) (0.5981, 0.0949) (0.9997, 0.9997) (0.9997, 0.9997) 
[08/20 09:14:14]    23/  200 (0.0012, 0.0005) (0.5595, 0.9584) (0.0015, 0.0008) (0.3770, 0.9369) * (0.5141, 0.0520) (0.8477, 0.0952) (0.6217, 0.3512) (0.9998, 0.9999) (0.9997, 0.9999) 
[08/20 09:17:54]    24/  200 (0.0010, 0.0013) (0.5190, 0.9553) (0.0013, 0.0016) (0.3460, 0.9332) * (0.5358, 0.0507) (0.8291, 0.0984) (0.6474, 0.1256) (0.9998, 0.9997) (0.9998, 0.9997) 
[08/20 09:21:33]    25/  200 (0.0011, 0.0008) (0.5010, 0.9525) (0.0014, 0.0010) (0.3454, 0.9324) * (0.5393, 0.0572) (0.8130, 0.0906) (0.6168, 0.4112) (0.9998, 0.9998) (0.9998, 0.9998) 
[08/20 09:25:15]    26/  200 (0.0011, 0.0006) (0.4777, 0.9492) (0.0013, 0.0007) (0.3151, 0.9286) * (0.5437, 0.0612) (0.8386, 0.0936) (0.6848, 0.3855) (0.9998, 0.9999) (0.9998, 0.9999) 
[08/20 09:28:57]    27/  200 (0.0010, 0.0014) (0.4605, 0.9467) (0.0012, 0.0016) (0.3064, 0.9262) * (0.5680, 0.0611) (0.8460, 0.0970) (0.6785, 0.3030) (0.9998, 0.9997) (0.9998, 0.9997) 
[08/20 09:32:42]    28/  200 (0.0009, 0.0010) (0.4026, 0.9455) (0.0011, 0.0012) (0.2577, 0.9271) * (0.6243, 0.0561) (0.8705, 0.0899) (0.7067, 0.2431) (0.9998, 0.9998) (0.9998, 0.9998) 
[08/20 09:36:20]    29/  200 (0.0009, 0.0007) (0.4020, 0.9420) (0.0010, 0.0008) (0.2569, 0.9230) * (0.6038, 0.0598) (0.8635, 0.0956) (0.7052, 0.4304) (0.9998, 0.9998) (0.9998, 0.9998) 
[08/20 09:39:44]    30/  200 (0.0009, 0.0004) (0.3887, 0.9429) (0.0010, 0.0005) (0.2540, 0.9249) * (0.6104, 0.0593) (0.8508, 0.0923) (0.7152, 0.3460) (0.9999, 0.9999) (0.9998, 0.9999) 
[08/20 09:43:09]    31/  200 (0.0009, 0.0008) (0.3827, 0.9408) (0.0010, 0.0009) (0.2522, 0.9224) * (0.6105, 0.0585) (0.8400, 0.0939) (0.7217, 0.4492) (0.9998, 0.9999) (0.9998, 0.9998) 
[08/20 09:46:33]    32/  200 (0.0009, 0.0003) (0.3745, 0.9393) (0.0010, 0.0003) (0.2393, 0.9232) * (0.6020, 0.0628) (0.8658, 0.0907) (0.7127, 0.5618) (0.9998, 1.0000) (0.9998, 0.9999) 
[08/20 09:49:57]    33/  200 (0.0009, 0.0007) (0.3746, 0.9385) (0.0010, 0.0008) (0.2523, 0.9221) * (0.5992, 0.0647) (0.8329, 0.0917) (0.7245, 0.4033) (0.9998, 0.9999) (0.9998, 0.9999) 
[08/20 09:53:21]    34/  200 (0.0009, 0.0005) (0.3413, 0.9344) (0.0010, 0.0005) (0.2236, 0.9188) * (0.6459, 0.0667) (0.8626, 0.0930) (0.7549, 0.5834) (0.9999, 0.9999) (0.9998, 0.9999) 
[08/20 09:56:44]    35/  200 (0.0009, 0.0008) (0.3553, 0.9364) (0.0009, 0.0008) (0.2302, 0.9206) * (0.6169, 0.0632) (0.8669, 0.0920) (0.7301, 0.4945) (0.9999, 0.9999) (0.9998, 0.9999) 
[08/20 10:00:11]    36/  200 (0.0008, 0.0007) (0.3406, 0.9363) (0.0009, 0.0008) (0.2230, 0.9175) * (0.6304, 0.0583) (0.8561, 0.0980) (0.7228, 0.4300) (0.9999, 0.9999) (0.9998, 0.9999) 
[08/20 10:03:43]    37/  200 (0.0009, 0.0004) (0.3434, 0.9335) (0.0009, 0.0005) (0.2199, 0.9176) * (0.6097, 0.0653) (0.8638, 0.0936) (0.7426, 0.5656) (0.9999, 0.9999) (0.9998, 0.9999) 
[08/20 10:07:13]    38/  200 (0.0008, 0.0003) (0.3127, 0.9321) (0.0008, 0.0004) (0.1987, 0.9167) * (0.6463, 0.0658) (0.8796, 0.0954) (0.7743, 0.6741) (0.9999, 0.9999) (0.9999, 0.9999) 
[08/20 10:10:46]    39/  200 (0.0009, 0.0005) (0.3194, 0.9333) (0.0009, 0.0005) (0.2154, 0.9198) * (0.6451, 0.0695) (0.8521, 0.0905) (0.7761, 0.5528) (0.9999, 0.9999) (0.9998, 0.9999) 
[08/20 10:14:14]    40/  200 (0.0008, 0.0005) (0.2886, 0.9310) (0.0009, 0.0006) (0.1860, 0.9177) * (0.6653, 0.0685) (0.8785, 0.0916) (0.7953, 0.3141) (0.9999, 0.9999) (0.9999, 0.9999) 
[08/20 10:17:47]    41/  200 (0.0009, 0.0006) (0.3217, 0.9316) (0.0009, 0.0006) (0.2140, 0.9160) * (0.6271, 0.0630) (0.8586, 0.0946) (0.7593, 0.4952) (0.9999, 0.9999) (0.9999, 0.9999) 
[08/20 10:21:22]    42/  200 (0.0008, 0.0006) (0.3262, 0.9318) (0.0008, 0.0006) (0.2263, 0.9174) * (0.6300, 0.0621) (0.8355, 0.0933) (0.7726, 0.4804) (0.9999, 0.9999) (0.9999, 0.9999) 
[08/20 10:25:00]    43/  200 (0.0008, 0.0004) (0.2873, 0.9295) (0.0009, 0.0005) (0.1839, 0.9149) * (0.6653, 0.0657) (0.8809, 0.0944) (0.7647, 0.4038) (0.9999, 0.9999) (0.9998, 0.9999) 
[08/20 10:28:39]    44/  200 (0.0008, 0.0009) (0.3012, 0.9378) (0.0008, 0.0009) (0.1974, 0.9192) * (0.6378, 0.0523) (0.8666, 0.0949) (0.7831, 0.3664) (0.9999, 0.9999) (0.9999, 0.9999) 
[08/20 10:32:12]    45/  200 (0.0009, 0.0007) (0.2816, 0.9338) (0.0009, 0.0007) (0.1827, 0.9196) * (0.6676, 0.0609) (0.8768, 0.0903) (0.7840, 0.5270) (0.9999, 0.9999) (0.9999, 0.9999) 
[08/20 10:35:46]    46/  200 (0.0008, 0.0005) (0.3027, 0.9283) (0.0008, 0.0006) (0.2137, 0.9155) * (0.6503, 0.0670) (0.8453, 0.0925) (0.7811, 0.4217) (0.9999, 0.9999) (0.9999, 0.9999) 
[08/20 10:39:19]    47/  200 (0.0008, 0.0009) (0.2952, 0.9275) (0.0008, 0.0009) (0.2047, 0.9124) * (0.6590, 0.0662) (0.8517, 0.0981) (0.7899, 0.3604) (0.9999, 0.9999) (0.9999, 0.9999) 
[08/20 10:42:55]    48/  200 (0.0008, 0.0007) (0.2706, 0.9320) (0.0008, 0.0007) (0.1773, 0.9175) * (0.6769, 0.0604) (0.8815, 0.0924) (0.7968, 0.5521) (0.9999, 0.9999) (0.9999, 0.9999) 
[08/20 10:46:27]    49/  200 (0.0008, 0.0006) (0.2766, 0.9308) (0.0008, 0.0006) (0.1884, 0.9172) * (0.6736, 0.0634) (0.8623, 0.0912) (0.8126, 0.6022) (0.9999, 0.9999) (0.9999, 0.9999) 
[08/20 10:49:49]    50/  200 (0.0008, 0.0016) (0.2673, 0.9313) (0.0008, 0.0016) (0.1780, 0.9164) * (0.6824, 0.0627) (0.8754, 0.0952) (0.8001, 0.3419) (0.9999, 0.9998) (0.9999, 0.9998) 
[08/20 10:53:16]    51/  200 (0.0008, 0.0009) (0.2813, 0.9260) (0.0008, 0.0009) (0.1921, 0.9136) * (0.6621, 0.0689) (0.8619, 0.0967) (0.7968, 0.3575) (0.9999, 0.9998) (0.9999, 0.9998) 
[08/20 10:56:39]    52/  200 (0.0009, 0.0006) (0.2787, 0.9273) (0.0008, 0.0006) (0.1898, 0.9156) * (0.6641, 0.0695) (0.8628, 0.0917) (0.7984, 0.5743) (0.9999, 0.9999) (0.9999, 0.9999) 
[08/20 11:00:02]    53/  200 (0.0008, 0.0004) (0.2558, 0.9295) (0.0008, 0.0004) (0.1673, 0.9193) * (0.6903, 0.0655) (0.8852, 0.0872) (0.8072, 0.6611) (0.9999, 1.0000) (0.9999, 0.9999) 
[08/20 11:03:26]    54/  200 (0.0008, 0.0006) (0.2620, 0.9247) (0.0008, 0.0006) (0.1760, 0.9133) * (0.6832, 0.0743) (0.8749, 0.0941) (0.8083, 0.5149) (0.9999, 0.9999) (0.9999, 0.9999) 
[08/20 11:06:51]    55/  200 (0.0008, 0.0007) (0.2570, 0.9272) (0.0008, 0.0007) (0.1686, 0.9139) * (0.6853, 0.0684) (0.8842, 0.0944) (0.8064, 0.4456) (0.9999, 0.9999) (0.9999, 0.9999) 
[08/20 11:10:15]    56/  200 (0.0008, 0.0008) (0.2588, 0.9270) (0.0008, 0.0008) (0.1789, 0.9143) * (0.6935, 0.0664) (0.8710, 0.0939) (0.7899, 0.4833) (0.9999, 0.9999) (0.9999, 0.9999) 
[08/20 11:13:39]    57/  200 (0.0008, 0.0009) (0.2338, 0.9265) (0.0008, 0.0009) (0.1470, 0.9129) * (0.7076, 0.0660) (0.9036, 0.0958) (0.8025, 0.4600) (0.9999, 0.9999) (0.9999, 0.9999) 
[08/20 11:17:02]    58/  200 (0.0008, 0.0009) (0.2401, 0.9258) (0.0008, 0.0008) (0.1615, 0.9146) * (0.7077, 0.0700) (0.8836, 0.0924) (0.8351, 0.5123) (0.9999, 0.9999) (0.9999, 0.9999) 
[08/20 11:20:27]    59/  200 (0.0008, 0.0011) (0.2314, 0.9286) (0.0007, 0.0011) (0.1591, 0.9158) * (0.7247, 0.0663) (0.8824, 0.0926) (0.8149, 0.5441) (0.9999, 0.9999) (0.9999, 0.9999) 
[08/20 11:23:49]    60/  200 (0.0008, 0.0007) (0.2225, 0.9258) (0.0008, 0.0006) (0.1471, 0.9144) * (0.7215, 0.0682) (0.8941, 0.0923) (0.8349, 0.5468) (0.9999, 0.9999) (0.9999, 0.9999) 
[08/20 11:27:40]    61/  200 (0.0008, 0.0008) (0.2224, 0.9255) (0.0007, 0.0008) (0.1456, 0.9136) * (0.7268, 0.0702) (0.8994, 0.0941) (0.8365, 0.4506) (0.9999, 0.9999) (0.9999, 0.9999) 
[08/20 11:31:35]    62/  200 (0.0008, 0.0009) (0.2380, 0.9254) (0.0007, 0.0009) (0.1610, 0.9125) * (0.7075, 0.0667) (0.8837, 0.0962) (0.8284, 0.4609) (0.9999, 0.9999) (0.9999, 0.9999) 
[08/20 11:35:26]    63/  200 (0.0008, 0.0034) (0.2340, 0.9352) (0.0007, 0.0032) (0.1608, 0.9207) * (0.7214, 0.0578) (0.8880, 0.0941) (0.8185, 0.2323) (0.9999, 0.9996) (0.9999, 0.9996) 
[08/20 11:38:56]    64/  200 (0.0009, 0.0007) (0.2512, 0.9274) (0.0008, 0.0007) (0.1731, 0.9158) * (0.6951, 0.0655) (0.8747, 0.0919) (0.7924, 0.4691) (0.9999, 0.9999) (0.9999, 0.9999) 
[08/20 11:42:20]    65/  200 (0.0009, 0.0006) (0.2295, 0.9266) (0.0008, 0.0006) (0.1488, 0.9149) * (0.7082, 0.0653) (0.8976, 0.0924) (0.8129, 0.4314) (0.9999, 0.9999) (0.9999, 0.9999) 
[08/20 11:45:44]    66/  200 (0.0007, 0.0009) (0.2528, 0.9272) (0.0007, 0.0009) (0.1827, 0.9153) * (0.6949, 0.0648) (0.8558, 0.0922) (0.8331, 0.4136) (0.9999, 0.9999) (0.9999, 0.9999) 
[08/20 11:49:09]    67/  200 (0.0008, 0.0006) (0.2111, 0.9270) (0.0007, 0.0006) (0.1346, 0.9159) * (0.7379, 0.0661) (0.9109, 0.0914) (0.8325, 0.4381) (0.9999, 0.9999) (0.9999, 0.9999) 
[08/20 11:52:32]    68/  200 (0.0010, 0.0008) (0.2462, 0.9304) (0.0009, 0.0008) (0.1651, 0.9173) * (0.6927, 0.0614) (0.8845, 0.0916) (0.8015, 0.5347) (0.9999, 0.9999) (0.9999, 0.9999) 
[08/20 11:56:07]    69/  200 (0.0008, 0.0006) (0.2389, 0.9264) (0.0008, 0.0006) (0.1660, 0.9163) * (0.7013, 0.0713) (0.8770, 0.0897) (0.8458, 0.5077) (0.9999, 0.9999) (0.9999, 0.9999) 
[08/20 12:00:04]    70/  200 (0.0008, 0.0010) (0.2428, 0.9244) (0.0007, 0.0010) (0.1731, 0.9131) * (0.7085, 0.0684) (0.8669, 0.0938) (0.8434, 0.4435) (0.9999, 0.9999) (0.9999, 0.9999) 
[08/20 12:04:03]    71/  200 (0.0008, 0.0006) (0.2220, 0.9246) (0.0007, 0.0005) (0.1490, 0.9164) * (0.7180, 0.0735) (0.8915, 0.0879) (0.8394, 0.5439) (0.9999, 0.9999) (0.9999, 0.9999) 
[08/20 12:07:59]    72/  200 (0.0008, 0.0008) (0.2367, 0.9244) (0.0007, 0.0008) (0.1652, 0.9138) * (0.7069, 0.0711) (0.8757, 0.0926) (0.8338, 0.4369) (0.9999, 0.9999) (0.9999, 0.9999) 
[08/20 12:11:59]    73/  200 (0.0008, 0.0008) (0.2150, 0.9239) (0.0007, 0.0007) (0.1483, 0.9132) * (0.7289, 0.0700) (0.8877, 0.0939) (0.8530, 0.4584) (0.9999, 0.9999) (0.9999, 0.9999) 
[08/20 12:15:55]    74/  200 (0.0007, 0.0008) (0.2027, 0.9274) (0.0007, 0.0007) (0.1415, 0.9153) * (0.7488, 0.0642) (0.8923, 0.0921) (0.8746, 0.3957) (0.9999, 0.9999) (0.9999, 0.9999) 
[08/20 12:19:53]    75/  200 (0.0008, 0.0006) (0.2306, 0.9246) (0.0007, 0.0006) (0.1636, 0.9153) * (0.7170, 0.0691) (0.8754, 0.0907) (0.8532, 0.5058) (0.9999, 0.9999) (0.9999, 0.9999) 
[08/20 12:23:51]    76/  200 (0.0008, 0.0007) (0.2137, 0.9228) (0.0007, 0.0007) (0.1446, 0.9125) * (0.7341, 0.0709) (0.8953, 0.0940) (0.8476, 0.5077) (0.9999, 0.9999) (0.9999, 0.9999) 
[08/20 12:27:37]    77/  200 (0.0008, 0.0006) (0.2121, 0.9253) (0.0007, 0.0006) (0.1423, 0.9147) * (0.7303, 0.0667) (0.8959, 0.0916) (0.8413, 0.5842) (0.9999, 0.9999) (0.9999, 0.9999) 
[08/20 12:31:02]    78/  200 (0.0008, 0.0007) (0.2147, 0.9254) (0.0007, 0.0007) (0.1494, 0.9146) * (0.7302, 0.0699) (0.8859, 0.0918) (0.8531, 0.5083) (0.9999, 0.9999) (0.9999, 0.9999) 
[08/20 12:34:28]    79/  200 (0.0007, 0.0005) (0.2143, 0.9244) (0.0007, 0.0004) (0.1501, 0.9162) * (0.7296, 0.0710) (0.8863, 0.0887) (0.8595, 0.6132) (0.9999, 1.0000) (0.9999, 0.9999) 
[08/20 12:38:03]    80/  200 (0.0008, 0.0009) (0.2040, 0.9229) (0.0007, 0.0008) (0.1398, 0.9124) * (0.7427, 0.0711) (0.8951, 0.0944) (0.8724, 0.3966) (0.9999, 0.9999) (0.9999, 0.9999) 
[08/20 12:41:28]    81/  200 (0.0008, 0.0006) (0.2316, 0.9235) (0.0007, 0.0006) (0.1728, 0.9116) * (0.7225, 0.0699) (0.8586, 0.0961) (0.8664, 0.4905) (0.9999, 0.9999) (0.9999, 0.9999) 
[08/20 12:44:56]    82/  200 (0.0007, 0.0006) (0.1877, 0.9237) (0.0006, 0.0005) (0.1324, 0.9138) * (0.7675, 0.0709) (0.8980, 0.0925) (0.8567, 0.6173) (0.9999, 0.9999) (0.9999, 0.9999) 
[08/20 12:48:21]    83/  200 (0.0008, 0.0007) (0.1982, 0.9253) (0.0007, 0.0007) (0.1331, 0.9130) * (0.7491, 0.0665) (0.9031, 0.0948) (0.8630, 0.3629) (0.9999, 0.9999) (0.9999, 0.9999) 
[08/20 12:51:46]    84/  200 (0.0008, 0.0007) (0.1924, 0.9223) (0.0007, 0.0006) (0.1314, 0.9129) * (0.7608, 0.0726) (0.9036, 0.0934) (0.8538, 0.5880) (0.9999, 0.9999) (0.9999, 0.9999) 
[08/20 12:55:11]    85/  200 (0.0007, 0.0005) (0.1999, 0.9219) (0.0007, 0.0005) (0.1415, 0.9139) * (0.7522, 0.0744) (0.8899, 0.0917) (0.8602, 0.5780) (0.9999, 0.9999) (0.9999, 0.9999) 
[08/20 12:58:35]    86/  200 (0.0008, 0.0006) (0.2030, 0.9274) (0.0007, 0.0005) (0.1342, 0.9159) * (0.7418, 0.0640) (0.9048, 0.0913) (0.8568, 0.5888) (0.9999, 0.9999) (0.9999, 0.9999) 
[08/20 13:02:00]    87/  200 (0.0007, 0.0007) (0.1938, 0.9248) (0.0007, 0.0007) (0.1348, 0.9150) * (0.7568, 0.0684) (0.8965, 0.0909) (0.8663, 0.4188) (0.9999, 0.9999) (0.9999, 0.9999) 
[08/20 13:05:22]    88/  200 (0.0007, 0.0007) (0.2162, 0.9248) (0.0006, 0.0006) (0.1602, 0.9148) * (0.7346, 0.0683) (0.8709, 0.0916) (0.8647, 0.4433) (0.9999, 0.9999) (0.9999, 0.9999) 
[08/20 13:08:48]    89/  200 (0.0008, 0.0007) (0.2113, 0.9300) (0.0007, 0.0006) (0.1522, 0.9135) * (0.7434, 0.0591) (0.8807, 0.0992) (0.8481, 0.2477) (0.9999, 0.9999) (0.9999, 0.9999) 
[08/20 13:12:13]    90/  200 (0.0008, 0.0005) (0.2080, 0.9219) (0.0007, 0.0005) (0.1484, 0.9127) * (0.7390, 0.0725) (0.8839, 0.0926) (0.8508, 0.5774) (0.9999, 0.9999) (0.9999, 0.9999) 
[08/20 13:15:37]    91/  200 (0.0007, 0.0005) (0.2228, 0.9232) (0.0006, 0.0005) (0.1667, 0.9148) * (0.7282, 0.0735) (0.8648, 0.0899) (0.8724, 0.5551) (0.9999, 0.9999) (0.9999, 0.9999) 
[08/20 13:19:03]    92/  200 (0.0007, 0.0006) (0.2125, 0.9233) (0.0006, 0.0005) (0.1568, 0.9150) * (0.7459, 0.0735) (0.8756, 0.0896) (0.8700, 0.5414) (0.9999, 0.9999) (0.9999, 0.9999) 
[08/20 13:22:27]    93/  200 (0.0007, 0.0006) (0.1674, 0.9218) (0.0006, 0.0005) (0.1108, 0.9132) * (0.7850, 0.0766) (0.9198, 0.0923) (0.8760, 0.5467) (0.9999, 0.9999) (0.9999, 0.9999) 
[08/20 13:25:53]    94/  200 (0.0008, 0.0007) (0.2017, 0.9232) (0.0007, 0.0007) (0.1456, 0.9144) * (0.7552, 0.0757) (0.8851, 0.0907) (0.8792, 0.4897) (0.9999, 0.9999) (0.9999, 0.9999) 
[08/20 13:29:16]    95/  200 (0.0008, 0.0006) (0.1904, 0.9242) (0.0006, 0.0006) (0.1345, 0.9156) * (0.7641, 0.0736) (0.8975, 0.0899) (0.8833, 0.5237) (0.9999, 0.9999) (0.9999, 0.9999) 
[08/20 13:32:42]    96/  200 (0.0008, 0.0007) (0.2061, 0.9207) (0.0007, 0.0006) (0.1477, 0.9130) * (0.7417, 0.0792) (0.8847, 0.0915) (0.8663, 0.4611) (0.9999, 0.9999) (0.9999, 0.9999) 
[08/20 13:36:06]    97/  200 (0.0007, 0.0007) (0.1826, 0.9237) (0.0006, 0.0006) (0.1297, 0.9143) * (0.7759, 0.0722) (0.8997, 0.0915) (0.8769, 0.5064) (0.9999, 0.9999) (0.9999, 0.9999) 
[08/20 13:39:31]    98/  200 (0.0007, 0.0006) (0.1863, 0.9228) (0.0006, 0.0006) (0.1332, 0.9151) * (0.7704, 0.0722) (0.8968, 0.0895) (0.8801, 0.5282) (0.9999, 0.9999) (0.9999, 0.9999) 
[08/20 13:42:56]    99/  200 (0.0007, 0.0008) (0.2165, 0.9236) (0.0006, 0.0008) (0.1660, 0.9142) * (0.7382, 0.0694) (0.8612, 0.0912) (0.8930, 0.4994) (0.9999, 0.9999) (0.9999, 0.9999) 
[08/20 13:46:19]   100/  200 (0.0008, 0.0007) (0.1711, 0.9245) (0.0006, 0.0006) (0.1171, 0.9155) * (0.7856, 0.0716) (0.9110, 0.0894) (0.8799, 0.5360) (0.9999, 0.9999) (0.9999, 0.9999) 
[08/20 13:50:11]   101/  200 (0.0008, 0.0008) (0.2101, 0.9223) (0.0006, 0.0007) (0.1577, 0.9136) * (0.7397, 0.0726) (0.8700, 0.0913) (0.8836, 0.5105) (0.9999, 0.9999) (0.9999, 0.9999) 
[08/20 13:54:00]   102/  200 (0.0007, 0.0010) (0.1853, 0.9242) (0.0006, 0.0009) (0.1313, 0.9145) * (0.7684, 0.0716) (0.8976, 0.0914) (0.8587, 0.4610) (0.9999, 0.9999) (0.9999, 0.9999) 
[08/20 13:57:26]   103/  200 (0.0007, 0.0006) (0.1980, 0.9234) (0.0006, 0.0005) (0.1508, 0.9160) * (0.7601, 0.0713) (0.8754, 0.0881) (0.8817, 0.5754) (0.9999, 0.9999) (0.9999, 0.9999) 
[08/20 14:00:51]   104/  200 (0.0008, 0.0008) (0.1762, 0.9238) (0.0006, 0.0006) (0.1273, 0.9154) * (0.7799, 0.0700) (0.8992, 0.0891) (0.8965, 0.5644) (0.9999, 0.9999) (0.9999, 0.9999) 
[08/20 14:04:16]   105/  200 (0.0007, 0.0006) (0.1795, 0.9246) (0.0006, 0.0005) (0.1337, 0.9174) * (0.7838, 0.0708) (0.8919, 0.0863) (0.8933, 0.6229) (0.9999, 0.9999) (0.9999, 0.9999) 
[08/20 14:07:40]   106/  200 (0.0007, 0.0009) (0.1838, 0.9249) (0.0006, 0.0008) (0.1365, 0.9161) * (0.7793, 0.0723) (0.8901, 0.0892) (0.8990, 0.5502) (0.9999, 0.9999) (0.9999, 0.9999) 
[08/20 14:11:05]   107/  200 (0.0007, 0.0007) (0.1555, 0.9236) (0.0006, 0.0006) (0.1080, 0.9152) * (0.8037, 0.0701) (0.9159, 0.0899) (0.8804, 0.5478) (0.9999, 0.9999) (0.9999, 0.9999) 
[08/20 14:14:30]   108/  200 (0.0007, 0.0007) (0.1588, 0.9245) (0.0006, 0.0006) (0.1130, 0.9148) * (0.8033, 0.0677) (0.9120, 0.0908) (0.8922, 0.5741) (0.9999, 0.9999) (0.9999, 0.9999) 
[08/20 14:17:56]   109/  200 (0.0008, 0.0007) (0.1798, 0.9245) (0.0006, 0.0006) (0.1198, 0.9159) * (0.7660, 0.0697) (0.9127, 0.0899) (0.8781, 0.5959) (0.9999, 0.9999) (0.9999, 0.9999) 
[08/20 14:21:21]   110/  200 (0.0008, 0.0007) (0.1767, 0.9248) (0.0006, 0.0006) (0.1218, 0.9154) * (0.7790, 0.0687) (0.9077, 0.0901) (0.8816, 0.5294) (0.9999, 0.9999) (0.9999, 0.9999) 
[08/20 14:24:46]   111/  200 (0.0007, 0.0007) (0.1820, 0.9240) (0.0006, 0.0006) (0.1342, 0.9159) * (0.7780, 0.0701) (0.8931, 0.0887) (0.8820, 0.5716) (0.9999, 0.9999) (0.9999, 0.9999) 
[08/20 14:28:11]   112/  200 (0.0008, 0.0012) (0.2068, 0.9234) (0.0006, 0.0011) (0.1637, 0.9135) * (0.7596, 0.0703) (0.8592, 0.0925) (0.8882, 0.4613) (0.9999, 0.9999) (0.9999, 0.9999) 
[08/20 14:31:37]   113/  200 (0.0007, 0.0010) (0.2100, 0.9233) (0.0006, 0.0009) (0.1665, 0.9149) * (0.7525, 0.0722) (0.8573, 0.0899) (0.8920, 0.4891) (0.9999, 0.9999) (0.9999, 0.9999) 
[08/20 14:35:03]   114/  200 (0.0007, 0.0011) (0.1600, 0.9227) (0.0006, 0.0010) (0.1169, 0.9150) * (0.8024, 0.0736) (0.9058, 0.0893) (0.8904, 0.4585) (0.9999, 0.9999) (0.9999, 0.9999) 
[08/20 14:38:29]   115/  200 (0.0007, 0.0010) (0.1729, 0.9235) (0.0006, 0.0009) (0.1262, 0.9157) * (0.7904, 0.0733) (0.8993, 0.0884) (0.8856, 0.4783) (0.9999, 0.9999) (0.9999, 0.9999) 
[08/20 14:41:53]   116/  200 (0.0007, 0.0008) (0.1538, 0.9227) (0.0006, 0.0007) (0.1100, 0.9147) * (0.8076, 0.0744) (0.9120, 0.0909) (0.8972, 0.4976) (0.9999, 0.9999) (0.9999, 0.9999) 
[08/20 14:45:19]   117/  200 (0.0007, 0.0008) (0.1554, 0.9246) (0.0006, 0.0007) (0.1112, 0.9171) * (0.8063, 0.0729) (0.9130, 0.0861) (0.9020, 0.5496) (0.9999, 0.9999) (0.9999, 0.9999) 
[08/20 14:48:43]   118/  200 (0.0007, 0.0007) (0.1656, 0.9240) (0.0006, 0.0006) (0.1207, 0.9164) * (0.7981, 0.0737) (0.9060, 0.0875) (0.8848, 0.5370) (0.9999, 0.9999) (0.9999, 0.9999) 
[08/20 14:52:09]   119/  200 (0.0007, 0.0010) (0.1832, 0.9245) (0.0006, 0.0009) (0.1440, 0.9162) * (0.7834, 0.0711) (0.8769, 0.0874) (0.9027, 0.5255) (0.9999, 0.9999) (0.9999, 0.9999) 
[08/20 14:55:35]   120/  200 (0.0007, 0.0008) (0.1444, 0.9227) (0.0006, 0.0007) (0.0985, 0.9148) * (0.8139, 0.0743) (0.9254, 0.0897) (0.8902, 0.5004) (0.9999, 0.9999) (0.9999, 0.9999) 
[08/20 14:59:52]   121/  200 (0.0007, 0.0009) (0.1687, 0.9224) (0.0006, 0.0008) (0.1227, 0.9137) * (0.7914, 0.0729) (0.9029, 0.0915) (0.8956, 0.4381) (0.9999, 0.9999) (0.9999, 0.9999) 
[08/20 15:07:03]   122/  200 (0.0007, 0.0010) (0.1735, 0.9211) (0.0006, 0.0009) (0.1260, 0.9125) * (0.7856, 0.0723) (0.9011, 0.0920) (0.8907, 0.4176) (0.9999, 0.9999) (0.9999, 0.9999) 
[08/20 15:14:04]   123/  200 (0.0007, 0.0007) (0.1811, 0.9228) (0.0006, 0.0006) (0.1374, 0.9160) * (0.7794, 0.0746) (0.8849, 0.0870) (0.8980, 0.5621) (0.9999, 0.9999) (0.9999, 0.9999) 
[08/20 15:21:02]   124/  200 (0.0007, 0.0011) (0.1960, 0.9227) (0.0006, 0.0009) (0.1491, 0.9140) * (0.7620, 0.0713) (0.8751, 0.0906) (0.8912, 0.4861) (0.9999, 0.9999) (0.9999, 0.9999) 
[08/20 15:26:35]   125/  200 (0.0007, 0.0007) (0.1728, 0.9221) (0.0006, 0.0006) (0.1300, 0.9145) * (0.7930, 0.0745) (0.8933, 0.0897) (0.8922, 0.5423) (0.9999, 0.9999) (0.9999, 0.9999) 
[08/20 15:30:00]   126/  200 (0.0008, 0.0007) (0.1384, 0.9226) (0.0006, 0.0006) (0.0865, 0.9154) * (0.8159, 0.0733) (0.9415, 0.0886) (0.8972, 0.5174) (0.9999, 0.9999) (0.9999, 0.9999) 
[08/20 15:33:26]   127/  200 (0.0007, 0.0007) (0.1557, 0.9230) (0.0006, 0.0006) (0.1099, 0.9159) * (0.8059, 0.0746) (0.9145, 0.0881) (0.8947, 0.4760) (0.9999, 0.9999) (0.9999, 0.9999) 
[08/20 15:36:52]   128/  200 (0.0007, 0.0006) (0.1725, 0.9228) (0.0006, 0.0006) (0.1292, 0.9158) * (0.7905, 0.0753) (0.8936, 0.0883) (0.8926, 0.5454) (0.9999, 0.9999) (0.9999, 0.9999) 
[08/20 15:40:17]   129/  200 (0.0007, 0.0008) (0.1593, 0.9232) (0.0006, 0.0007) (0.1172, 0.9141) * (0.8054, 0.0719) (0.9060, 0.0914) (0.8908, 0.4924) (0.9999, 0.9999) (0.9999, 0.9999) 
[08/20 15:42:20] 전체 데이터셋(자연 비율) 로드 중...
[08/20 15:42:22] 병변 전용 데이터셋 로드 중...
[08/20 15:42:23] 전체 환자 수: 99
[08/20 15:42:23] [Fold 2]
[08/20 15:42:38]   train 환자 59명 (병변슬라이스 270 + 정상대표 270) / val 환자 20명 (자연비율 1156슬라이스) / test 환자 20명 (자연비율 1181슬라이스)
[08/20 15:42:51]     1/  200 (0.0543, 0.0434) (0.9990, 0.9998) (0.4020, 0.3338) (0.9962, 0.9994) * (0.0122, 0.0011) (0.0869, 0.0009) (0.0145, 0.4058) (0.9640, 0.9989) (0.9637, 0.9989) 
[08/20 15:43:06]     2/  200 (0.0229, 0.0140) (0.9988, 0.9998) (0.2882, 0.2611) (0.9955, 0.9993) * (0.0276, 0.0269) (0.0287, 0.0026) (0.0216, 0.2870) (0.9989, 0.9997) (0.9985, 0.9997) 
[08/20 15:43:25]     3/  200 (0.0136, 0.0067) (0.9986, 0.9998) (0.2332, 0.2009) (0.9946, 0.9992) * (0.0701, 0.0264) (0.1237, 0.0045) (0.0780, 0.3900) (0.9990, 1.0000) (0.9987, 0.9999) 
[08/20 15:43:39]     4/  200 (0.0062, 0.0072) (0.9981, 0.9996) (0.1862, 0.1724) (0.9931, 0.9986) * (0.1947, 0.0146) (0.2706, 0.0786) (0.1854, 0.0200) (0.9994, 0.9941) (0.9991, 0.9941) 
[08/20 15:44:00]     5/  200 (0.0046, 0.0026) (0.9977, 0.9996) (0.1532, 0.1300) (0.9916, 0.9985) * (0.1810, 0.0227) (0.3878, 0.0413) (0.1886, 0.0388) (0.9988, 0.9989) (0.9986, 0.9989) 
[08/20 15:44:14]     6/  200 (0.0033, 0.0021) (0.9960, 0.9994) (0.1231, 0.1118) (0.9862, 0.9980) * (0.1968, 0.0189) (0.5449, 0.0460) (0.2229, 0.0331) (0.9982, 0.9988) (0.9980, 0.9988) 
[08/20 15:44:38]     7/  200 (0.0030, 0.0033) (0.9945, 0.9990) (0.1006, 0.0910) (0.9815, 0.9970) * (0.1639, 0.0284) (0.6562, 0.0810) (0.2185, 0.0619) (0.9982, 0.9973) (0.9981, 0.9973) 
[08/20 15:44:52]     8/  200 (0.0026, 0.0042) (0.9929, 0.9988) (0.0824, 0.0751) (0.9766, 0.9962) * (0.1629, 0.0148) (0.6503, 0.0795) (0.2257, 0.0244) (0.9980, 0.9964) (0.9979, 0.9964) 
[08/20 15:45:07]     9/  200 (0.0026, 0.0040) (0.9905, 0.9984) (0.0666, 0.0640) (0.9696, 0.9952) * (0.1820, 0.0154) (0.7133, 0.0827) (0.2469, 0.0267) (0.9982, 0.9964) (0.9981, 0.9964) 
[08/20 15:45:29]    10/  200 (0.0026, 0.0014) (0.9872, 0.9982) (0.0530, 0.0464) (0.9598, 0.9948) * (0.1974, 0.0416) (0.7571, 0.0772) (0.2754, 0.0947) (0.9984, 0.9989) (0.9983, 0.9989) 
[08/20 15:45:43]    11/  200 (0.0027, 0.0005) (0.9841, 0.9979) (0.0434, 0.0356) (0.9508, 0.9941) * (0.2019, 0.0447) (0.7882, 0.0781) (0.2811, 0.2231) (0.9983, 0.9996) (0.9982, 0.9996) 
[08/20 15:45:59]    12/  200 (0.0026, 0.0396) (0.9798, 0.9970) (0.0353, 0.0774) (0.9392, 0.9918) * (0.2091, 0.0070) (0.8273, 0.1144) (0.3018, 0.0121) (0.9986, 0.9851) (0.9985, 0.9851) 
[08/20 15:46:15]    13/  200 (0.0025, 0.0022) (0.9742, 0.9960) (0.0283, 0.0241) (0.9241, 0.9897) * (0.2249, 0.0298) (0.8315, 0.0963) (0.3200, 0.1007) (0.9987, 0.9989) (0.9987, 0.9989) 
[08/20 15:46:28]    14/  200 (0.0031, 0.0018) (0.9693, 0.9953) (0.0236, 0.0192) (0.9112, 0.9884) * (0.2045, 0.0334) (0.8095, 0.0903) (0.2957, 0.1558) (0.9984, 0.9989) (0.9984, 0.9989) 
[08/20 15:46:57]    15/  200 (0.0025, 0.0008) (0.9572, 0.9945) (0.0177, 0.0131) (0.8807, 0.9873) * (0.2512, 0.0463) (0.8496, 0.0751) (0.3643, 0.3653) (0.9989, 0.9997) (0.9989, 0.9996) 
[08/20 15:47:11]    16/  200 (0.0025, 0.0072) (0.9447, 0.9922) (0.0133, 0.0173) (0.8553, 0.9826) * (0.2511, 0.0278) (0.8402, 0.0970) (0.3565, 0.0465) (0.9991, 0.9972) (0.9990, 0.9972) 
[08/20 15:47:25]    17/  200 (0.0028, 0.0032) (0.9328, 0.9908) (0.0111, 0.0101) (0.8311, 0.9802) * (0.2505, 0.0366) (0.7949, 0.0891) (0.3367, 0.2519) (0.9988, 0.9989) (0.9988, 0.9989) 
[08/20 15:47:50]    18/  200 (0.0025, 0.0003) (0.9018, 0.9891) (0.0079, 0.0040) (0.7666, 0.9785) * (0.3192, 0.0466) (0.8130, 0.0818) (0.4328, 0.4987) (0.9992, 0.9999) (0.9992, 0.9999) 
[08/20 15:48:04]    19/  200 (0.0026, 0.0013) (0.8788, 0.9867) (0.0063, 0.0046) (0.7373, 0.9751) * (0.2889, 0.0496) (0.7972, 0.0835) (0.3784, 0.1497) (0.9992, 0.9994) (0.9991, 0.9994) 
[08/20 15:48:23]    20/  200 (0.0020, 0.0057) (0.8211, 0.9817) (0.0043, 0.0082) (0.6402, 0.9664) * (0.3799, 0.0271) (0.8349, 0.0987) (0.4960, 0.0753) (0.9995, 0.9983) (0.9994, 0.9983) 
[08/20 15:48:39]    21/  200 (0.0019, 0.0015) (0.7826, 0.9781) (0.0035, 0.0028) (0.6045, 0.9611) * (0.3844, 0.0485) (0.8009, 0.0876) (0.4879, 0.3411) (0.9995, 0.9996) (0.9995, 0.9996) 
[08/20 15:48:52]    22/  200 (0.0013, 0.0009) (0.7265, 0.9726) (0.0024, 0.0019) (0.5353, 0.9535) * (0.4335, 0.0474) (0.8213, 0.0970) (0.5486, 0.2157) (0.9997, 0.9997) (0.9996, 0.9997) 
[08/20 15:49:12]    23/  200 (0.0014, 0.0005) (0.6917, 0.9767) (0.0022, 0.0011) (0.4959, 0.9638) * (0.4697, 0.0615) (0.8413, 0.0644) (0.5773, 0.5895) (0.9997, 0.9999) (0.9996, 0.9999) 
[08/20 15:49:24]    24/  200 (0.0015, 0.0017) (0.6700, 0.9677) (0.0022, 0.0024) (0.4841, 0.9480) * (0.4320, 0.0426) (0.7882, 0.0969) (0.5298, 0.1441) (0.9997, 0.9995) (0.9996, 0.9995) 
[08/20 15:49:48]    25/  200 (0.0010, 0.0018) (0.6006, 0.9638) (0.0015, 0.0022) (0.4158, 0.9421) * (0.4985, 0.0485) (0.8199, 0.0948) (0.5956, 0.1999) (0.9998, 0.9996) (0.9997, 0.9996) 
[08/20 15:50:03]    26/  200 (0.0013, 0.0016) (0.5741, 0.9602) (0.0016, 0.0020) (0.3899, 0.9397) * (0.5134, 0.0611) (0.8361, 0.0906) (0.6380, 0.3355) (0.9998, 0.9997) (0.9997, 0.9996) 
[08/20 15:50:17]    27/  200 (0.0010, 0.0011) (0.5450, 0.9566) (0.0013, 0.0014) (0.3675, 0.9361) * (0.5347, 0.0596) (0.8404, 0.0925) (0.6509, 0.3966) (0.9998, 0.9998) (0.9998, 0.9998) 
[08/20 15:50:37]    28/  200 (0.0009, 0.0003) (0.4716, 0.9543) (0.0012, 0.0005) (0.2927, 0.9347) * (0.6061, 0.0623) (0.8914, 0.0904) (0.7116, 0.6759) (0.9998, 1.0000) (0.9998, 0.9999) 
[08/20 15:50:51]    29/  200 (0.0010, 0.0003) (0.4754, 0.9543) (0.0012, 0.0005) (0.3079, 0.9388) * (0.5904, 0.0740) (0.8623, 0.0802) (0.6867, 0.6021) (0.9998, 1.0000) (0.9998, 0.9999) 
[08/20 15:51:18]    30/  200 (0.0018, 0.0041) (0.5203, 0.9564) (0.0020, 0.0046) (0.3571, 0.9385) * (0.4973, 0.0532) (0.8227, 0.0900) (0.5923, 0.1132) (0.9997, 0.9991) (0.9996, 0.9991) 
[08/20 15:51:31]    31/  200 (0.0014, 0.0014) (0.4986, 0.9488) (0.0016, 0.0017) (0.3469, 0.9277) * (0.5154, 0.0549) (0.8040, 0.0994) (0.6146, 0.1986) (0.9998, 0.9997) (0.9997, 0.9997) 
[08/20 15:51:45]    32/  200 (0.0010, 0.0006) (0.4380, 0.9435) (0.0011, 0.0007) (0.2931, 0.9244) * (0.5820, 0.0630) (0.8341, 0.0933) (0.6887, 0.3976) (0.9998, 0.9999) (0.9998, 0.9999) 
[08/20 15:51:59]    33/  200 (0.0010, 0.0004) (0.4370, 0.9474) (0.0011, 0.0005) (0.2899, 0.9291) * (0.5550, 0.0579) (0.8328, 0.0894) (0.6737, 0.5278) (0.9998, 0.9999) (0.9998, 0.9999) 
[08/20 15:52:11]    34/  200 (0.0010, 0.0004) (0.4035, 0.9403) (0.0011, 0.0005) (0.2630, 0.9245) * (0.6115, 0.0717) (0.8519, 0.0885) (0.7132, 0.5708) (0.9998, 0.9999) (0.9998, 0.9999) 
[08/20 15:52:24]    35/  200 (0.0011, 0.0025) (0.4255, 0.9423) (0.0012, 0.0025) (0.2804, 0.9250) * (0.5654, 0.0613) (0.8544, 0.0897) (0.6747, 0.3464) (0.9998, 0.9996) (0.9998, 0.9996) 
[08/20 15:52:48]    36/  200 (0.0009, 0.0007) (0.3917, 0.9416) (0.0010, 0.0008) (0.2591, 0.9226) * (0.6076, 0.0615) (0.8438, 0.0940) (0.7127, 0.6248) (0.9998, 0.9999) (0.9998, 0.9999) 
[08/20 15:53:02]    37/  200 (0.0010, 0.0004) (0.4034, 0.9384) (0.0011, 0.0005) (0.2621, 0.9230) * (0.5720, 0.0697) (0.8533, 0.0895) (0.6823, 0.5204) (0.9998, 0.9999) (0.9998, 0.9999) 
[08/20 15:53:15]    38/  200 (0.0008, 0.0006) (0.3474, 0.9362) (0.0008, 0.0007) (0.2165, 0.9179) * (0.6376, 0.0654) (0.8810, 0.0957) (0.7599, 0.5248) (0.9999, 0.9999) (0.9998, 0.9999) 
[08/20 15:53:37]    39/  200 (0.0009, 0.0006) (0.3446, 0.9340) (0.0009, 0.0006) (0.2193, 0.9185) * (0.6300, 0.0718) (0.8633, 0.0920) (0.7451, 0.5173) (0.9999, 0.9999) (0.9998, 0.9999) 
[08/20 15:53:50]    40/  200 (0.0008, 0.0005) (0.3180, 0.9350) (0.0009, 0.0006) (0.2004, 0.9174) * (0.6502, 0.0665) (0.8797, 0.0980) (0.7847, 0.3287) (0.9999, 0.9999) (0.9998, 0.9999) 
[08/20 15:54:07]    41/  200 (0.0009, 0.0004) (0.3598, 0.9371) (0.0009, 0.0004) (0.2400, 0.9220) * (0.6138, 0.0633) (0.8511, 0.0897) (0.7281, 0.5311) (0.9999, 0.9999) (0.9998, 0.9999) 
[08/20 15:54:25]    42/  200 (0.0008, 0.0005) (0.3517, 0.9324) (0.0008, 0.0006) (0.2379, 0.9163) * (0.6187, 0.0667) (0.8356, 0.0953) (0.7733, 0.5605) (0.9999, 0.9999) (0.9998, 0.9999) 
[08/20 15:54:39]    43/  200 (0.0008, 0.0005) (0.2934, 0.9331) (0.0008, 0.0005) (0.1825, 0.9186) * (0.6741, 0.0666) (0.8890, 0.0923) (0.7762, 0.6083) (0.9999, 0.9999) (0.9999, 0.9999) 
[08/20 15:55:03]    44/  200 (0.0008, 0.0006) (0.3078, 0.9350) (0.0008, 0.0006) (0.2022, 0.9196) * (0.6531, 0.0625) (0.8631, 0.0912) (0.7923, 0.5462) (0.9999, 0.9999) (0.9999, 0.9999) 
[08/20 15:55:15]    45/  200 (0.0008, 0.0011) (0.2925, 0.9336) (0.0008, 0.0011) (0.1887, 0.9176) * (0.6847, 0.0675) (0.8775, 0.0946) (0.7776, 0.3618) (0.9999, 0.9998) (0.9999, 0.9998) 
[08/20 15:55:37]    46/  200 (0.0008, 0.0004) (0.3146, 0.9333) (0.0008, 0.0004) (0.2132, 0.9209) * (0.6505, 0.0677) (0.8572, 0.0873) (0.7989, 0.6030) (0.9999, 1.0000) (0.9999, 0.9999) 
[08/20 15:55:49]    47/  200 (0.0011, 0.0006) (0.3322, 0.9313) (0.0011, 0.0006) (0.2232, 0.9154) * (0.6271, 0.0647) (0.8507, 0.0965) (0.7577, 0.4769) (0.9999, 0.9999) (0.9998, 0.9999) 
[08/20 15:56:03]    48/  200 (0.0009, 0.0004) (0.3051, 0.9325) (0.0009, 0.0004) (0.1926, 0.9179) * (0.6464, 0.0642) (0.8842, 0.0921) (0.7754, 0.5640) (0.9999, 0.9999) (0.9998, 0.9999) 
[08/20 15:56:31]    49/  200 (0.0010, 0.0008) (0.3448, 0.9339) (0.0010, 0.0008) (0.2355, 0.9175) * (0.6132, 0.0598) (0.8443, 0.0941) (0.7330, 0.3271) (0.9999, 0.9999) (0.9998, 0.9999) 
[08/20 15:56:44]    50/  200 (0.0008, 0.0005) (0.3020, 0.9307) (0.0008, 0.0005) (0.1954, 0.9163) * (0.6496, 0.0662) (0.8783, 0.0934) (0.7754, 0.5178) (0.9999, 0.9999) (0.9999, 0.9999) 
[08/20 15:56:57]    51/  200 (0.0007, 0.0004) (0.2913, 0.9305) (0.0007, 0.0005) (0.1952, 0.9179) * (0.6595, 0.0679) (0.8627, 0.0903) (0.8028, 0.5349) (0.9999, 0.9999) (0.9999, 0.9999) 
[08/20 15:57:22]    52/  200 (0.0008, 0.0005) (0.2819, 0.9308) (0.0008, 0.0005) (0.1877, 0.9196) * (0.6709, 0.0694) (0.8701, 0.0883) (0.8064, 0.5527) (0.9999, 0.9999) (0.9999, 0.9999) 
[08/20 15:57:34]    53/  200 (0.0008, 0.0009) (0.2584, 0.9306) (0.0007, 0.0008) (0.1672, 0.9156) * (0.7028, 0.0637) (0.8876, 0.0946) (0.8024, 0.4613) (0.9999, 0.9999) (0.9999, 0.9999) 
[08/20 15:57:47]    54/  200 (0.0008, 0.0006) (0.2688, 0.9280) (0.0008, 0.0006) (0.1791, 0.9150) * (0.6868, 0.0695) (0.8739, 0.0938) (0.8096, 0.5615) (0.9999, 0.9999) (0.9999, 0.9999) 
[08/20 15:58:12]    55/  200 (0.0008, 0.0009) (0.2786, 0.9323) (0.0008, 0.0008) (0.1808, 0.9169) * (0.6703, 0.0615) (0.8800, 0.0941) (0.7935, 0.4139) (0.9999, 0.9999) (0.9999, 0.9999) 
[08/20 15:58:24]    56/  200 (0.0008, 0.0007) (0.2690, 0.9290) (0.0008, 0.0007) (0.1839, 0.9165) * (0.6896, 0.0697) (0.8712, 0.0920) (0.8010, 0.5635) (0.9999, 0.9999) (0.9999, 0.9999) 
[08/20 15:58:42]    57/  200 (0.0008, 0.0005) (0.2328, 0.9302) (0.0008, 0.0005) (0.1423, 0.9207) * (0.7168, 0.0725) (0.9097, 0.0851) (0.8216, 0.5581) (0.9999, 1.0000) (0.9999, 0.9999) 
[08/20 15:58:55]    58/  200 (0.0008, 0.0005) (0.2532, 0.9274) (0.0008, 0.0005) (0.1670, 0.9154) * (0.6994, 0.0699) (0.8847, 0.0927) (0.8305, 0.5679) (0.9999, 0.9999) (0.9999, 0.9999) 
[08/20 15:59:15]    59/  200 (0.0008, 0.0005) (0.2462, 0.9283) (0.0007, 0.0005) (0.1610, 0.9164) * (0.7112, 0.0698) (0.8881, 0.0914) (0.7924, 0.5978) (0.9999, 0.9999) (0.9999, 0.9999) 
[08/20 15:59:32]    60/  200 (0.0008, 0.0005) (0.2298, 0.9284) (0.0008, 0.0004) (0.1442, 0.9164) * (0.7178, 0.0697) (0.9039, 0.0916) (0.8435, 0.6393) (0.9999, 0.9999) (0.9999, 0.9999) 
[08/20 15:59:44]    61/  200 (0.0008, 0.0005) (0.2352, 0.9264) (0.0007, 0.0005) (0.1502, 0.9146) * (0.7180, 0.0714) (0.9013, 0.0928) (0.8322, 0.5511) (0.9999, 0.9999) (0.9999, 0.9999) 
[08/20 16:00:01]    62/  200 (0.0008, 0.0006) (0.2466, 0.9296) (0.0008, 0.0006) (0.1636, 0.9153) * (0.7067, 0.0643) (0.8854, 0.0942) (0.8284, 0.4334) (0.9999, 0.9999) (0.9999, 0.9999) 
[08/20 16:00:17]    63/  200 (0.0008, 0.0007) (0.2444, 0.9269) (0.0007, 0.0007) (0.1563, 0.9152) * (0.7026, 0.0671) (0.8988, 0.0919) (0.8139, 0.5982) (0.9999, 0.9999) (0.9999, 0.9999) 
[08/20 16:00:30]    64/  200 (0.0008, 0.0005) (0.2338, 0.9268) (0.0007, 0.0004) (0.1550, 0.9158) * (0.7160, 0.0697) (0.8894, 0.0917) (0.8304, 0.6301) (0.9999, 0.9999) (0.9999, 0.9999) 
[08/20 16:00:47]    65/  200 (0.0008, 0.0007) (0.2217, 0.9261) (0.0007, 0.0007) (0.1431, 0.9140) * (0.7282, 0.0694) (0.9029, 0.0933) (0.8336, 0.5262) (0.9999, 0.9999) (0.9999, 0.9999) 
[08/20 16:01:06]    66/  200 (0.0008, 0.0007) (0.2569, 0.9252) (0.0007, 0.0006) (0.1801, 0.9139) * (0.6934, 0.0706) (0.8644, 0.0933) (0.8194, 0.4581) (0.9999, 0.9999) (0.9999, 0.9999) 
[08/20 16:01:20]    67/  200 (0.0008, 0.0004) (0.2209, 0.9285) (0.0007, 0.0004) (0.1387, 0.9202) * (0.7306, 0.0700) (0.9133, 0.0858) (0.8212, 0.6001) (0.9999, 1.0000) (0.9999, 0.9999) 
[08/20 16:01:33]    68/  200 (0.0009, 0.0007) (0.2386, 0.9265) (0.0008, 0.0007) (0.1558, 0.9148) * (0.7085, 0.0697) (0.8954, 0.0927) (0.8227, 0.4946) (0.9999, 0.9999) (0.9999, 0.9999) 
[08/20 16:01:54]    69/  200 (0.0008, 0.0009) (0.2343, 0.9251) (0.0007, 0.0009) (0.1612, 0.9124) * (0.7167, 0.0677) (0.8814, 0.0956) (0.8566, 0.4095) (0.9999, 0.9999) (0.9999, 0.9999) 
[08/20 16:02:08]    70/  200 (0.0009, 0.0006) (0.2629, 0.9266) (0.0008, 0.0006) (0.1861, 0.9145) * (0.6901, 0.0694) (0.8603, 0.0932) (0.8206, 0.5675) (0.9999, 0.9999) (0.9999, 0.9999) 
[08/20 16:02:29]    71/  200 (0.0008, 0.0006) (0.2234, 0.9237) (0.0007, 0.0005) (0.1473, 0.9149) * (0.7221, 0.0767) (0.8961, 0.0897) (0.8441, 0.5537) (0.9999, 0.9999) (0.9999, 0.9999) 
[08/20 16:02:42]    72/  200 (0.0008, 0.0004) (0.2362, 0.9272) (0.0007, 0.0003) (0.1649, 0.9178) * (0.7153, 0.0705) (0.8778, 0.0883) (0.8374, 0.6405) (0.9999, 1.0000) (0.9999, 1.0000) 
[08/20 16:02:54]    73/  200 (0.0010, 0.0005) (0.2488, 0.9262) (0.0009, 0.0005) (0.1687, 0.9144) * (0.6947, 0.0677) (0.8755, 0.0930) (0.8165, 0.4601) (0.9999, 0.9999) (0.9999, 0.9999) 
[08/20 16:03:18]    74/  200 (0.0008, 0.0006) (0.2132, 0.9239) (0.0007, 0.0005) (0.1424, 0.9133) * (0.7366, 0.0729) (0.8960, 0.0935) (0.8683, 0.5738) (0.9999, 0.9999) (0.9999, 0.9999) 
[08/20 16:03:31]    75/  200 (0.0008, 0.0007) (0.2377, 0.9248) (0.0007, 0.0006) (0.1638, 0.9138) * (0.7092, 0.0716) (0.8778, 0.0938) (0.8499, 0.5172) (0.9999, 0.9999) (0.9999, 0.9999) 
[08/20 16:03:44]    76/  200 (0.0008, 0.0006) (0.2088, 0.9260) (0.0007, 0.0006) (0.1359, 0.9124) * (0.7413, 0.0654) (0.9078, 0.0963) (0.8584, 0.5086) (0.9999, 0.9999) (0.9999, 0.9999) 
[08/20 16:03:57]    77/  200 (0.0008, 0.0006) (0.2036, 0.9244) (0.0007, 0.0005) (0.1329, 0.9129) * (0.7443, 0.0695) (0.9060, 0.0945) (0.8551, 0.5375) (0.9999, 0.9999) (0.9999, 0.9999) 
[08/20 16:04:10]    78/  200 (0.0008, 0.0006) (0.2138, 0.9222) (0.0007, 0.0005) (0.1449, 0.9129) * (0.7394, 0.0745) (0.8928, 0.0926) (0.8530, 0.6060) (0.9999, 0.9999) (0.9999, 0.9999) 
[08/20 16:04:23]    79/  200 (0.0008, 0.0004) (0.2258, 0.9258) (0.0007, 0.0004) (0.1547, 0.9160) * (0.7205, 0.0707) (0.8861, 0.0893) (0.8537, 0.5577) (0.9999, 1.0000) (0.9999, 0.9999) 
[08/20 16:04:35]    80/  200 (0.0009, 0.0005) (0.2187, 0.9235) (0.0008, 0.0004) (0.1457, 0.9144) * (0.7293, 0.0729) (0.8961, 0.0916) (0.8543, 0.6433) (0.9999, 1.0000) (0.9999, 0.9999) 
[08/20 16:04:48]    81/  200 (0.0008, 0.0004) (0.2380, 0.9215) (0.0007, 0.0004) (0.1762, 0.9140) * (0.7192, 0.0772) (0.8569, 0.0904) (0.8492, 0.6243) (0.9999, 1.0000) (0.9999, 0.9999) 
[08/20 16:05:01]    82/  200 (0.0008, 0.0009) (0.1843, 0.9224) (0.0007, 0.0008) (0.1240, 0.9105) * (0.7723, 0.0701) (0.9096, 0.0971) (0.8650, 0.4533) (0.9999, 0.9999) (0.9999, 0.9999) 
[08/20 16:05:14]    83/  200 (0.0008, 0.0006) (0.1986, 0.9236) (0.0007, 0.0005) (0.1325, 0.9135) * (0.7535, 0.0707) (0.9048, 0.0927) (0.8740, 0.5382) (0.9999, 0.9999) (0.9999, 0.9999) 
[08/20 16:05:27]    84/  200 (0.0008, 0.0006) (0.2008, 0.9222) (0.0007, 0.0005) (0.1317, 0.9132) * (0.7474, 0.0735) (0.9074, 0.0914) (0.8479, 0.5292) (0.9999, 0.9999) (0.9999, 0.9999) 
[08/20 16:05:40]    85/  200 (0.0008, 0.0007) (0.1948, 0.9218) (0.0006, 0.0006) (0.1337, 0.9147) * (0.7649, 0.0759) (0.8992, 0.0896) (0.8632, 0.5332) (0.9999, 0.9999) (0.9999, 0.9999) 
[08/20 16:05:52]    86/  200 (0.0008, 0.0007) (0.1914, 0.9215) (0.0006, 0.0006) (0.1244, 0.9130) * (0.7565, 0.0750) (0.9145, 0.0924) (0.8712, 0.5721) (0.9999, 0.9999) (0.9999, 0.9999) 
[08/20 16:06:05]    87/  200 (0.0008, 0.0008) (0.1953, 0.9225) (0.0007, 0.0006) (0.1303, 0.9136) * (0.7552, 0.0735) (0.9049, 0.0914) (0.8679, 0.5356) (0.9999, 0.9999) (0.9999, 0.9999) 
[08/20 16:06:18]    88/  200 (0.0008, 0.0006) (0.2208, 0.9263) (0.0007, 0.0005) (0.1589, 0.9179) * (0.7279, 0.0710) (0.8743, 0.0873) (0.8618, 0.5571) (0.9999, 1.0000) (0.9999, 0.9999) 
[08/20 16:06:30]    89/  200 (0.0008, 0.0007) (0.2105, 0.9223) (0.0007, 0.0006) (0.1475, 0.9138) * (0.7459, 0.0747) (0.8885, 0.0910) (0.8594, 0.5879) (0.9999, 0.9999) (0.9999, 0.9999) 
[08/20 16:06:43]    90/  200 (0.0008, 0.0006) (0.2031, 0.9244) (0.0006, 0.0005) (0.1412, 0.9165) * (0.7453, 0.0725) (0.8927, 0.0888) (0.8649, 0.6106) (0.9999, 1.0000) (0.9999, 0.9999) 
[08/20 16:06:56]    91/  200 (0.0008, 0.0006) (0.2361, 0.9245) (0.0007, 0.0005) (0.1683, 0.9147) * (0.7076, 0.0716) (0.8711, 0.0915) (0.8547, 0.5996) (0.9999, 0.9999) (0.9999, 0.9999) 
[08/20 16:07:17]    92/  200 (0.0008, 0.0008) (0.2172, 0.9243) (0.0007, 0.0007) (0.1550, 0.9150) * (0.7395, 0.0716) (0.8811, 0.0908) (0.8672, 0.5890) (0.9999, 0.9999) (0.9999, 0.9999) 
[08/20 16:07:30]    93/  200 (0.0008, 0.0009) (0.1744, 0.9244) (0.0006, 0.0008) (0.1126, 0.9146) * (0.7780, 0.0709) (0.9211, 0.0919) (0.8726, 0.5372) (0.9999, 0.9999) (0.9999, 0.9999) 
[08/20 16:07:44]    94/  200 (0.0008, 0.0011) (0.1978, 0.9240) (0.0006, 0.0009) (0.1425, 0.9131) * (0.7602, 0.0693) (0.8884, 0.0939) (0.8851, 0.5270) (0.9999, 0.9999) (0.9999, 0.9999) 
[08/20 16:08:06]    95/  200 (0.0008, 0.0008) (0.1934, 0.9230) (0.0006, 0.0007) (0.1352, 0.9138) * (0.7627, 0.0721) (0.8993, 0.0918) (0.8822, 0.5246) (0.9999, 0.9999) (0.9999, 0.9999) 
[08/20 16:08:19]    96/  200 (0.0008, 0.0007) (0.1958, 0.9239) (0.0006, 0.0006) (0.1395, 0.9150) * (0.7571, 0.0740) (0.8908, 0.0897) (0.8786, 0.6001) (0.9999, 0.9999) (0.9999, 0.9999) 
[08/20 16:08:32]    97/  200 (0.0008, 0.0008) (0.1839, 0.9245) (0.0006, 0.0007) (0.1262, 0.9152) * (0.7667, 0.0734) (0.9065, 0.0904) (0.8757, 0.5032) (0.9999, 0.9999) (0.9999, 0.9999) 
[08/20 16:08:53]    98/  200 (0.0008, 0.0007) (0.1851, 0.9235) (0.0006, 0.0006) (0.1291, 0.9153) * (0.7730, 0.0742) (0.9033, 0.0892) (0.8838, 0.5310) (0.9999, 0.9999) (0.9999, 0.9999) 
[08/20 16:09:06]    99/  200 (0.0008, 0.0009) (0.2210, 0.9231) (0.0006, 0.0008) (0.1644, 0.9138) * (0.7315, 0.0728) (0.8675, 0.0923) (0.8836, 0.4836) (0.9999, 0.9999) (0.9999, 0.9999) 
[08/20 16:09:18]   100/  200 (0.0008, 0.0009) (0.1627, 0.9228) (0.0006, 0.0007) (0.1111, 0.9153) * (0.8023, 0.0750) (0.9171, 0.0892) (0.8909, 0.5007) (0.9999, 0.9999) (0.9999, 0.9999) 
[08/20 16:09:40]   101/  200 (0.0008, 0.0008) (0.2067, 0.9224) (0.0006, 0.0006) (0.1560, 0.9144) * (0.7501, 0.0753) (0.8709, 0.0903) (0.8896, 0.5363) (0.9999, 0.9999) (0.9999, 0.9999) 
[08/20 16:09:53]   102/  200 (0.0008, 0.0009) (0.1808, 0.9224) (0.0006, 0.0007) (0.1255, 0.9139) * (0.7712, 0.0743) (0.9065, 0.0910) (0.8626, 0.5289) (0.9999, 0.9999) (0.9999, 0.9999) 
[08/20 16:10:14]   103/  200 (0.0008, 0.0006) (0.1969, 0.9242) (0.0006, 0.0005) (0.1432, 0.9178) * (0.7590, 0.0772) (0.8868, 0.0861) (0.8847, 0.5861) (0.9999, 1.0000) (0.9999, 0.9999) 
[08/20 16:10:27]   104/  200 (0.0008, 0.0006) (0.1787, 0.9218) (0.0006, 0.0005) (0.1263, 0.9148) * (0.7801, 0.0762) (0.9016, 0.0886) (0.8966, 0.6085) (0.9999, 1.0000) (0.9999, 0.9999) 
[08/20 16:10:44]   105/  200 (0.0008, 0.0005) (0.1821, 0.9234) (0.0006, 0.0004) (0.1296, 0.9162) * (0.7782, 0.0745) (0.9003, 0.0881) (0.8861, 0.6590) (0.9999, 1.0000) (0.9999, 0.9999) 
[08/20 16:11:01]   106/  200 (0.0008, 0.0007) (0.1882, 0.9224) (0.0006, 0.0005) (0.1341, 0.9148) * (0.7698, 0.0752) (0.8975, 0.0894) (0.8871, 0.5770) (0.9999, 0.9999) (0.9999, 0.9999) 
[08/20 16:11:14]   107/  200 (0.0008, 0.0006) (0.1545, 0.9220) (0.0006, 0.0005) (0.1045, 0.9158) * (0.8044, 0.0776) (0.9218, 0.0878) (0.8836, 0.6502) (0.9999, 0.9999) (0.9999, 0.9999) 
[08/20 16:11:35]   108/  200 (0.0008, 0.0006) (0.1564, 0.9231) (0.0006, 0.0004) (0.1062, 0.9165) * (0.8053, 0.0762) (0.9216, 0.0875) (0.8959, 0.6287) (0.9999, 1.0000) (0.9999, 0.9999) 
[08/20 16:11:48]   109/  200 (0.0008, 0.0005) (0.1723, 0.9251) (0.0006, 0.0004) (0.1142, 0.9175) * (0.7822, 0.0742) (0.9184, 0.0869) (0.8879, 0.6128) (0.9999, 1.0000) (0.9999, 0.9999) 
[08/20 16:12:09]   110/  200 (0.0008, 0.0006) (0.1705, 0.9252) (0.0006, 0.0004) (0.1132, 0.9189) * (0.7838, 0.0733) (0.9191, 0.0849) (0.8915, 0.6508) (0.9999, 1.0000) (0.9999, 0.9999) 
[08/20 16:12:21]   111/  200 (0.0008, 0.0007) (0.1819, 0.9229) (0.0006, 0.0006) (0.1334, 0.9155) * (0.7844, 0.0740) (0.8949, 0.0891) (0.8860, 0.5007) (0.9999, 0.9999) (0.9999, 0.9999) 
[08/20 16:12:38]   112/  200 (0.0008, 0.0008) (0.1995, 0.9233) (0.0006, 0.0007) (0.1532, 0.9155) * (0.7638, 0.0751) (0.8713, 0.0891) (0.8967, 0.5209) (0.9999, 0.9999) (0.9999, 0.9999) 
[08/20 16:12:53]   113/  200 (0.0008, 0.0007) (0.2099, 0.9231) (0.0006, 0.0006) (0.1637, 0.9159) * (0.7570, 0.0757) (0.8624, 0.0879) (0.9014, 0.5557) (0.9999, 0.9999) (0.9999, 0.9999) 
[08/20 16:13:05]   114/  200 (0.0008, 0.0012) (0.1559, 0.9222) (0.0006, 0.0010) (0.1093, 0.9151) * (0.8044, 0.0760) (0.9149, 0.0888) (0.8959, 0.4737) (0.9999, 0.9999) (0.9999, 0.9999) 
[08/20 16:13:26]   115/  200 (0.0008, 0.0007) (0.1751, 0.9227) (0.0006, 0.0005) (0.1241, 0.9168) * (0.7855, 0.0774) (0.9031, 0.0867) (0.8915, 0.5627) (0.9999, 0.9999) (0.9999, 0.9999) 
[08/20 16:13:39]   116/  200 (0.0008, 0.0007) (0.1582, 0.9233) (0.0006, 0.0005) (0.1063, 0.9158) * (0.7995, 0.0757) (0.9221, 0.0882) (0.8952, 0.5729) (0.9999, 0.9999) (0.9999, 0.9999) 
[08/20 16:13:53]   117/  200 (0.0009, 0.0007) (0.1711, 0.9240) (0.0006, 0.0006) (0.1177, 0.9167) * (0.7863, 0.0723) (0.9109, 0.0869) (0.8887, 0.4890) (0.9999, 0.9999) (0.9999, 0.9999) 
[08/20 16:14:16]   118/  200 (0.0008, 0.0007) (0.1726, 0.9231) (0.0006, 0.0006) (0.1211, 0.9157) * (0.7868, 0.0757) (0.9096, 0.0889) (0.8785, 0.5351) (0.9999, 0.9999) (0.9999, 0.9999) 
[08/20 16:14:29]   119/  200 (0.0008, 0.0010) (0.1808, 0.9219) (0.0006, 0.0008) (0.1390, 0.9144) * (0.7839, 0.0761) (0.8825, 0.0895) (0.8988, 0.4843) (0.9999, 0.9999) (0.9999, 0.9999) 
[08/20 16:14:41]   120/  200 (0.0008, 0.0009) (0.1407, 0.9219) (0.0006, 0.0007) (0.0938, 0.9145) * (0.8190, 0.0755) (0.9307, 0.0898) (0.8879, 0.4877) (0.9999, 0.9999) (0.9999, 0.9999) 
[08/20 16:15:02]   121/  200 (0.0008, 0.0007) (0.1602, 0.9226) (0.0006, 0.0005) (0.1134, 0.9161) * (0.8012, 0.0767) (0.9130, 0.0872) (0.9047, 0.5558) (0.9999, 0.9999) (0.9999, 0.9999) 
[08/20 16:15:15]   122/  200 (0.0008, 0.0007) (0.1644, 0.9228) (0.0006, 0.0006) (0.1148, 0.9157) * (0.7940, 0.0762) (0.9132, 0.0887) (0.9012, 0.5392) (0.9999, 0.9999) (0.9999, 0.9999) 
[08/20 16:15:29]   123/  200 (0.0008, 0.0007) (0.1703, 0.9224) (0.0006, 0.0005) (0.1263, 0.9158) * (0.7910, 0.0764) (0.8964, 0.0877) (0.9025, 0.5665) (0.9999, 0.9999) (0.9999, 0.9999) 
[08/20 16:15:49]   124/  200 (0.0008, 0.0007) (0.1885, 0.9231) (0.0006, 0.0005) (0.1415, 0.9166) * (0.7711, 0.0762) (0.8839, 0.0870) (0.8990, 0.5935) (0.9999, 0.9999) (0.9999, 0.9999) 
[08/20 16:16:02]   125/  200 (0.0009, 0.0012) (0.1950, 0.9247) (0.0006, 0.0009) (0.1379, 0.9153) * (0.7557, 0.0710) (0.8931, 0.0910) (0.8627, 0.4848) (0.9999, 0.9999) (0.9999, 0.9999) 
[08/20 16:16:22]   126/  200 (0.0008, 0.0010) (0.1357, 0.9240) (0.0006, 0.0008) (0.0831, 0.9167) * (0.8204, 0.0738) (0.9458, 0.0877) (0.9012, 0.4915) (0.9999, 0.9999) (0.9999, 0.9999) 
[08/20 16:16:36]   127/  200 (0.0008, 0.0009) (0.1526, 0.9243) (0.0005, 0.0007) (0.1046, 0.9176) * (0.8045, 0.0750) (0.9210, 0.0865) (0.8981, 0.5195) (0.9999, 0.9999) (0.9999, 0.9999) 
[08/20 16:16:48]   128/  200 (0.0008, 0.0009) (0.1632, 0.9231) (0.0006, 0.0007) (0.1203, 0.9172) * (0.8020, 0.0772) (0.9022, 0.0866) (0.9033, 0.5281) (0.9999, 0.9999) (0.9999, 0.9999) 
[08/20 16:17:10]   129/  200 (0.0008, 0.0009) (0.1515, 0.9238) (0.0006, 0.0006) (0.1066, 0.9170) * (0.8108, 0.0753) (0.9173, 0.0870) (0.8984, 0.5443) (0.9999, 0.9999) (0.9999, 0.9999) 
[08/20 16:17:22]   130/  200 (0.0008, 0.0016) (0.1632, 0.9232) (0.0006, 0.0012) (0.1188, 0.9147) * (0.7994, 0.0728) (0.9050, 0.0902) (0.8956, 0.4617) (0.9999, 0.9999) (0.9999, 0.9999) 
[08/20 16:17:35]   131/  200 (0.0008, 0.0012) (0.1825, 0.9226) (0.0005, 0.0009) (0.1391, 0.9152) * (0.7838, 0.0748) (0.8862, 0.0889) (0.9065, 0.4798) (0.9999, 0.9999) (0.9999, 0.9999) 
[08/20 16:17:59]   132/  200 (0.0008, 0.0012) (0.1989, 0.9224) (0.0005, 0.0009) (0.1548, 0.9153) * (0.7683, 0.0756) (0.8692, 0.0886) (0.9041, 0.4939) (0.9999, 0.9999) (0.9999, 0.9999) 
[08/20 16:18:12]   133/  200 (0.0008, 0.0011) (0.1515, 0.9231) (0.0005, 0.0008) (0.1030, 0.9161) * (0.8072, 0.0750) (0.9209, 0.0879) (0.8997, 0.4793) (0.9999, 0.9999) (0.9999, 0.9999) 
[08/20 16:18:24]   134/  200 (0.0008, 0.0008) (0.1585, 0.9230) (0.0005, 0.0006) (0.1097, 0.9162) * (0.8051, 0.0753) (0.9176, 0.0877) (0.9015, 0.5521) (0.9999, 0.9999) (0.9999, 0.9999) 
[08/20 16:18:46]   135/  200 (0.0007, 0.0009) (0.1723, 0.9232) (0.0005, 0.0007) (0.1324, 0.9156) * (0.7961, 0.0739) (0.8886, 0.0885) (0.9163, 0.5342) (0.9999, 0.9999) (0.9999, 0.9999) 
[08/20 16:19:01]   136/  200 (0.0008, 0.0011) (0.1322, 0.9227) (0.0005, 0.0008) (0.0855, 0.9157) * (0.8288, 0.0755) (0.9396, 0.0884) (0.9033, 0.5074) (0.9999, 0.9999) (0.9999, 0.9999) 
[08/20 16:19:14]   137/  200 (0.0008, 0.0008) (0.1649, 0.9228) (0.0005, 0.0006) (0.1193, 0.9153) * (0.7954, 0.0741) (0.9053, 0.0889) (0.9083, 0.5382) (0.9999, 0.9999) (0.9999, 0.9999) 
[08/20 16:19:27]   138/  200 (0.0008, 0.0008) (0.1377, 0.9226) (0.0005, 0.0006) (0.0919, 0.9159) * (0.8251, 0.0757) (0.9340, 0.0880) (0.9060, 0.5594) (0.9999, 0.9999) (0.9999, 0.9999) 
[08/20 16:19:51]   139/  200 (0.0008, 0.0012) (0.1762, 0.9224) (0.0005, 0.0009) (0.1342, 0.9154) * (0.7926, 0.0751) (0.8882, 0.0887) (0.9057, 0.4697) (0.9999, 0.9999) (0.9999, 0.9999) 
[08/20 16:20:03]   140/  200 (0.0008, 0.0011) (0.1533, 0.9228) (0.0005, 0.0008) (0.1141, 0.9156) * (0.8128, 0.0741) (0.9060, 0.0887) (0.9118, 0.4790) (0.9999, 0.9999) (0.9999, 0.9999) 
[08/20 16:20:16]   141/  200 (0.0008, 0.0010) (0.1831, 0.9222) (0.0005, 0.0007) (0.1385, 0.9160) * (0.7847, 0.0762) (0.8876, 0.0875) (0.9042, 0.4798) (0.9999, 0.9999) (0.9999, 0.9999) 
[08/20 16:20:37]   142/  200 (0.0008, 0.0011) (0.1500, 0.9227) (0.0005, 0.0008) (0.1053, 0.9156) * (0.8125, 0.0751) (0.9196, 0.0886) (0.9073, 0.4831) (0.9999, 0.9999) (0.9999, 0.9999) 
[08/20 16:20:50]   143/  200 (0.0008, 0.0012) (0.1644, 0.9227) (0.0005, 0.0009) (0.1228, 0.9154) * (0.7997, 0.0746) (0.8991, 0.0888) (0.9236, 0.4656) (0.9999, 0.9999) (0.9999, 0.9999) 
[08/20 16:21:11]   144/  200 (0.0008, 0.0012) (0.1593, 0.9228) (0.0005, 0.0008) (0.1163, 0.9154) * (0.8068, 0.0745) (0.9072, 0.0887) (0.9144, 0.5072) (0.9999, 0.9999) (0.9999, 0.9999) 
[08/20 16:21:24]   145/  200 (0.0008, 0.0011) (0.1633, 0.9228) (0.0005, 0.0008) (0.1236, 0.9161) * (0.8057, 0.0756) (0.8968, 0.0878) (0.9172, 0.5039) (0.9999, 0.9999) (0.9999, 0.9999) 
[08/20 16:21:38]   146/  200 (0.0008, 0.0010) (0.1514, 0.9230) (0.0005, 0.0008) (0.1133, 0.9164) * (0.8156, 0.0757) (0.9064, 0.0874) (0.9138, 0.5072) (0.9999, 0.9999) (0.9999, 0.9999) 
[08/20 16:22:01]   147/  200 (0.0008, 0.0010) (0.1495, 0.9225) (0.0005, 0.0007) (0.1066, 0.9159) * (0.8117, 0.0762) (0.9158, 0.0880) (0.9151, 0.5494) (0.9999, 0.9999) (0.9999, 0.9999) 
[08/20 16:22:14]   148/  200 (0.0008, 0.0008) (0.1760, 0.9229) (0.0005, 0.0006) (0.1345, 0.9172) * (0.7879, 0.0767) (0.8862, 0.0861) (0.9181, 0.5346) (0.9999, 0.9999) (0.9999, 0.9999) 
[08/20 16:22:26]   149/  200 (0.0008, 0.0009) (0.1442, 0.9219) (0.0005, 0.0007) (0.1042, 0.9161) * (0.8260, 0.0776) (0.9178, 0.0875) (0.9133, 0.5396) (0.9999, 0.9999) (0.9999, 0.9999) 
[08/20 16:22:48]   150/  200 (0.0008, 0.0012) (0.1367, 0.9226) (0.0005, 0.0009) (0.0921, 0.9147) * (0.8249, 0.0737) (0.9321, 0.0898) (0.9142, 0.5106) (0.9999, 0.9999) (0.9999, 0.9999) 
[08/20 16:23:01]   151/  200 (0.0008, 0.0010) (0.1545, 0.9222) (0.0005, 0.0008) (0.1113, 0.9157) * (0.8105, 0.0756) (0.9120, 0.0881) (0.9109, 0.5388) (0.9999, 0.9999) (0.9999, 0.9999) 
[08/20 16:23:15]   152/  200 (0.0008, 0.0008) (0.1776, 0.9225) (0.0005, 0.0006) (0.1367, 0.9164) * (0.7929, 0.0763) (0.8865, 0.0870) (0.9094, 0.5798) (0.9999, 0.9999) (0.9999, 0.9999) 
[08/20 16:23:35]   153/  200 (0.0008, 0.0012) (0.1772, 0.9221) (0.0005, 0.0009) (0.1360, 0.9157) * (0.7893, 0.0758) (0.8861, 0.0881) (0.9110, 0.5423) (0.9999, 0.9999) (0.9999, 0.9999) 
[08/20 16:23:48]   154/  200 (0.0008, 0.0012) (0.1618, 0.9223) (0.0005, 0.0008) (0.1252, 0.9157) * (0.8095, 0.0754) (0.8939, 0.0883) (0.9098, 0.5077) (0.9999, 0.9999) (0.9999, 0.9999) 
[08/20 16:24:12]   155/  200 (0.0007, 0.0013) (0.1284, 0.9226) (0.0005, 0.0009) (0.0837, 0.9157) * (0.8349, 0.0754) (0.9401, 0.0881) (0.9068, 0.5142) (0.9999, 0.9999) (0.9999, 0.9999) 
[08/20 16:24:25]   156/  200 (0.0007, 0.0009) (0.1575, 0.9228) (0.0005, 0.0007) (0.1207, 0.9164) * (0.8108, 0.0771) (0.8987, 0.0870) (0.9143, 0.5455) (0.9999, 0.9999) (0.9999, 0.9999) 
[08/20 16:24:37]   157/  200 (0.0007, 0.0011) (0.1760, 0.9222) (0.0005, 0.0008) (0.1420, 0.9157) * (0.7961, 0.0765) (0.8756, 0.0878) (0.9104, 0.5213) (0.9999, 0.9999) (0.9999, 0.9999) 
[08/20 16:24:57]   158/  200 (0.0008, 0.0012) (0.1333, 0.9230) (0.0005, 0.0008) (0.0903, 0.9160) * (0.8315, 0.0747) (0.9336, 0.0884) (0.9025, 0.5276) (0.9999, 0.9999) (0.9999, 0.9999) 
[08/20 16:25:12]   159/  200 (0.0008, 0.0009) (0.1587, 0.9232) (0.0005, 0.0007) (0.1192, 0.9169) * (0.8109, 0.0761) (0.9028, 0.0865) (0.9133, 0.5721) (0.9999, 0.9999) (0.9999, 0.9999) 
[08/20 16:25:24]   160/  200 (0.0008, 0.0010) (0.1607, 0.9229) (0.0005, 0.0007) (0.1227, 0.9163) * (0.8071, 0.0759) (0.8981, 0.0875) (0.9111, 0.5554) (0.9999, 0.9999) (0.9999, 0.9999) 
[08/20 16:25:46]   161/  200 (0.0008, 0.0010) (0.1779, 0.9231) (0.0005, 0.0007) (0.1413, 0.9167) * (0.7882, 0.0764) (0.8778, 0.0871) (0.9231, 0.5450) (0.9999, 0.9999) (0.9999, 0.9999) 
[08/20 16:25:58]   162/  200 (0.0008, 0.0010) (0.1618, 0.9227) (0.0005, 0.0007) (0.1248, 0.9163) * (0.8090, 0.0762) (0.8949, 0.0875) (0.9100, 0.5349) (0.9999, 0.9999) (0.9999, 0.9999) 
[08/20 16:26:12]   163/  200 (0.0007, 0.0010) (0.1466, 0.9228) (0.0005, 0.0007) (0.1125, 0.9166) * (0.8258, 0.0763) (0.9054, 0.0869) (0.9184, 0.5414) (0.9999, 0.9999) (0.9999, 0.9999) 
[08/20 16:26:32]   164/  200 (0.0007, 0.0009) (0.1377, 0.9228) (0.0005, 0.0007) (0.0988, 0.9168) * (0.8278, 0.0765) (0.9217, 0.0865) (0.9191, 0.5413) (0.9999, 0.9999) (0.9999, 0.9999) 
[08/20 16:26:45]   165/  200 (0.0008, 0.0011) (0.1738, 0.9229) (0.0005, 0.0008) (0.1340, 0.9160) * (0.7914, 0.0757) (0.8868, 0.0882) (0.9049, 0.5179) (1.0000, 0.9999) (0.9999, 0.9999) 
[08/20 16:27:09]   166/  200 (0.0008, 0.0011) (0.1381, 0.9223) (0.0005, 0.0008) (0.0974, 0.9160) * (0.8282, 0.0763) (0.9238, 0.0877) (0.9124, 0.5320) (1.0000, 0.9999) (0.9999, 0.9999) 
[08/20 16:27:22]   167/  200 (0.0008, 0.0012) (0.1704, 0.9228) (0.0005, 0.0008) (0.1294, 0.9160) * (0.7997, 0.0750) (0.8938, 0.0881) (0.9084, 0.4967) (0.9999, 0.9999) (0.9999, 0.9999) 
[08/20 16:27:34]   168/  200 (0.0008, 0.0010) (0.1407, 0.9226) (0.0005, 0.0007) (0.1016, 0.9161) * (0.8335, 0.0758) (0.9189, 0.0877) (0.9027, 0.5109) (1.0000, 0.9999) (0.9999, 0.9999) 
[08/20 16:27:52]   169/  200 (0.0008, 0.0009) (0.1370, 0.9229) (0.0005, 0.0007) (0.1023, 0.9165) * (0.8326, 0.0761) (0.9153, 0.0871) (0.9269, 0.5346) (0.9999, 0.9999) (0.9999, 0.9999) 
[08/20 16:28:08]   170/  200 (0.0008, 0.0006) (0.1405, 0.9247) (0.0005, 0.0004) (0.1047, 0.9185) * (0.8308, 0.0753) (0.9145, 0.0849) (0.9176, 0.6055) (1.0000, 1.0000) (0.9999, 0.9999) 
[08/20 16:28:21]   171/  200 (0.0008, 0.0007) (0.1416, 0.9233) (0.0005, 0.0005) (0.1034, 0.9173) * (0.8334, 0.0766) (0.9171, 0.0861) (0.9027, 0.5621) (1.0000, 1.0000) (0.9999, 0.9999) 
[08/20 16:28:39]   172/  200 (0.0008, 0.0007) (0.1201, 0.9234) (0.0005, 0.0005) (0.0773, 0.9173) * (0.8415, 0.0763) (0.9462, 0.0861) (0.9073, 0.5448) (0.9999, 1.0000) (0.9999, 0.9999) 
[08/20 16:28:52]   173/  200 (0.0008, 0.0007) (0.1747, 0.9227) (0.0005, 0.0005) (0.1394, 0.9159) * (0.7970, 0.0759) (0.8788, 0.0883) (0.9124, 0.5320) (1.0000, 0.9999) (0.9999, 0.9999) 
[08/20 16:29:05]   174/  200 (0.0008, 0.0007) (0.1420, 0.9224) (0.0005, 0.0005) (0.1010, 0.9166) * (0.8276, 0.0773) (0.9210, 0.0867) (0.9165, 0.6044) (1.0000, 1.0000) (0.9999, 0.9999) 
[08/20 16:29:23]   175/  200 (0.0008, 0.0007) (0.1371, 0.9228) (0.0005, 0.0005) (0.0997, 0.9168) * (0.8295, 0.0770) (0.9196, 0.0864) (0.9199, 0.5382) (1.0000, 1.0000) (0.9999, 0.9999) 
[08/20 16:29:36]   176/  200 (0.0007, 0.0007) (0.1404, 0.9229) (0.0005, 0.0005) (0.1030, 0.9170) * (0.8290, 0.0768) (0.9174, 0.0864) (0.9168, 0.5484) (1.0000, 1.0000) (0.9999, 0.9999) 
[08/20 16:29:57]   177/  200 (0.0008, 0.0008) (0.1426, 0.9226) (0.0005, 0.0006) (0.1052, 0.9159) * (0.8256, 0.0768) (0.9137, 0.0881) (0.9219, 0.5250) (1.0000, 0.9999) (0.9999, 0.9999) 
[08/20 16:30:10]   178/  200 (0.0008, 0.0007) (0.1432, 0.9229) (0.0005, 0.0005) (0.1061, 0.9166) * (0.8295, 0.0766) (0.9135, 0.0869) (0.9224, 0.5384) (1.0000, 0.9999) (0.9999, 0.9999) 
[08/20 16:30:22]   179/  200 (0.0008, 0.0008) (0.1332, 0.9228) (0.0005, 0.0005) (0.0946, 0.9163) * (0.8345, 0.0761) (0.9255, 0.0872) (0.9240, 0.5313) (1.0000, 0.9999) (0.9999, 0.9999) 
[08/20 16:30:43]   180/  200 (0.0008, 0.0007) (0.1644, 0.9228) (0.0005, 0.0005) (0.1269, 0.9167) * (0.8058, 0.0766) (0.8931, 0.0869) (0.9140, 0.5523) (1.0000, 1.0000) (0.9999, 0.9999) 
[08/20 16:30:56]   181/  200 (0.0008, 0.0008) (0.1541, 0.9230) (0.0005, 0.0005) (0.1200, 0.9166) * (0.8182, 0.0763) (0.8979, 0.0872) (0.9182, 0.5554) (1.0000, 1.0000) (0.9999, 0.9999) 
[08/20 16:31:09]   182/  200 (0.0007, 0.0007) (0.1507, 0.9230) (0.0005, 0.0005) (0.1147, 0.9171) * (0.8182, 0.0769) (0.9054, 0.0862) (0.9206, 0.5692) (1.0000, 1.0000) (0.9999, 0.9999) 
[08/20 16:31:30]   183/  200 (0.0008, 0.0007) (0.1263, 0.9227) (0.0005, 0.0005) (0.0899, 0.9170) * (0.8429, 0.0774) (0.9294, 0.0863) (0.9232, 0.5557) (1.0000, 1.0000) (0.9999, 0.9999) 
[08/20 16:31:43]   184/  200 (0.0008, 0.0007) (0.1501, 0.9229) (0.0005, 0.0005) (0.1152, 0.9170) * (0.8223, 0.0771) (0.9036, 0.0863) (0.9216, 0.5486) (1.0000, 0.9999) (0.9999, 0.9999) 
[08/20 16:32:01]   185/  200 (0.0008, 0.0008) (0.1358, 0.9225) (0.0005, 0.0005) (0.0989, 0.9166) * (0.8349, 0.0771) (0.9200, 0.0868) (0.9211, 0.5523) (1.0000, 0.9999) (0.9999, 0.9999) 
[08/20 16:32:14]   186/  200 (0.0008, 0.0008) (0.1234, 0.9233) (0.0005, 0.0005) (0.0893, 0.9162) * (0.8490, 0.0752) (0.9282, 0.0879) (0.9268, 0.5724) (1.0000, 0.9999) (0.9999, 0.9999) 
[08/20 16:32:27]   187/  200 (0.0008, 0.0007) (0.1749, 0.9231) (0.0005, 0.0005) (0.1390, 0.9174) * (0.7950, 0.0777) (0.8805, 0.0862) (0.9035, 0.5938) (1.0000, 1.0000) (0.9999, 0.9999) 
[08/20 16:32:45]   188/  200 (0.0008, 0.0008) (0.1564, 0.9230) (0.0005, 0.0006) (0.1214, 0.9167) * (0.8158, 0.0764) (0.8969, 0.0867) (0.9222, 0.5484) (1.0000, 0.9999) (0.9999, 0.9999) 
[08/20 16:32:58]   189/  200 (0.0007, 0.0007) (0.1092, 0.9227) (0.0005, 0.0005) (0.0702, 0.9166) * (0.8605, 0.0771) (0.9498, 0.0870) (0.9197, 0.5765) (1.0000, 1.0000) (0.9999, 0.9999) 
[08/20 16:33:19]   190/  200 (0.0007, 0.0007) (0.1426, 0.9233) (0.0005, 0.0005) (0.1071, 0.9167) * (0.8273, 0.0760) (0.9113, 0.0866) (0.9075, 0.5583) (1.0000, 1.0000) (0.9999, 0.9999) 
[08/20 16:33:32]   191/  200 (0.0008, 0.0008) (0.1707, 0.9236) (0.0005, 0.0005) (0.1342, 0.9173) * (0.7999, 0.0759) (0.8868, 0.0864) (0.9229, 0.5236) (1.0000, 0.9999) (0.9999, 0.9999) 
[08/20 16:33:53]   192/  200 (0.0008, 0.0008) (0.1435, 0.9233) (0.0005, 0.0005) (0.1052, 0.9170) * (0.8204, 0.0763) (0.9144, 0.0865) (0.9129, 0.5722) (1.0000, 0.9999) (0.9999, 0.9999) 
[08/20 16:34:06]   193/  200 (0.0007, 0.0007) (0.1439, 0.9234) (0.0005, 0.0005) (0.1061, 0.9175) * (0.8251, 0.0766) (0.9150, 0.0860) (0.9205, 0.5792) (1.0000, 1.0000) (0.9999, 0.9999) 
[08/20 16:34:18]   194/  200 (0.0008, 0.0007) (0.1372, 0.9230) (0.0005, 0.0005) (0.0987, 0.9172) * (0.8305, 0.0776) (0.9210, 0.0861) (0.9283, 0.5730) (1.0000, 1.0000) (0.9999, 0.9999) 
[08/20 16:34:42]   195/  200 (0.0008, 0.0007) (0.1624, 0.9231) (0.0005, 0.0005) (0.1269, 0.9175) * (0.8100, 0.0774) (0.8917, 0.0857) (0.9243, 0.5692) (1.0000, 1.0000) (0.9999, 0.9999) 
[08/20 16:34:55]   196/  200 (0.0007, 0.0008) (0.1409, 0.9223) (0.0005, 0.0006) (0.1046, 0.9159) * (0.8294, 0.0770) (0.9144, 0.0881) (0.9238, 0.5566) (1.0000, 0.9999) (0.9999, 0.9999) 
[08/20 16:35:08]   197/  200 (0.0007, 0.0008) (0.1437, 0.9229) (0.0005, 0.0005) (0.1088, 0.9171) * (0.8254, 0.0773) (0.9090, 0.0863) (0.9056, 0.5453) (1.0000, 0.9999) (0.9999, 0.9999) 
[08/20 16:35:32]   198/  200 (0.0007, 0.0007) (0.1997, 0.9235) (0.0005, 0.0005) (0.1675, 0.9181) * (0.7707, 0.0776) (0.8488, 0.0851) (0.9306, 0.5898) (1.0000, 1.0000) (0.9999, 0.9999) 
[08/20 16:35:45]   199/  200 (0.0007, 0.0007) (0.1495, 0.9230) (0.0005, 0.0005) (0.1147, 0.9172) * (0.8234, 0.0770) (0.9053, 0.0861) (0.9076, 0.5831) (1.0000, 1.0000) (0.9999, 0.9999) 
[08/20 16:36:05]   200/  200 (0.0008, 0.0007) (0.1536, 0.9234) (0.0005, 0.0005) (0.1187, 0.9177) * (0.8190, 0.0771) (0.9003, 0.0855) (0.9257, 0.5551) (1.0000, 1.0000) (0.9999, 0.9999) 
[08/20 16:36:06] [Fold 2] 학습 종료. best GUL(valid)=0.9105
[08/20 16:36:13] 전체 데이터셋(자연 비율) 로드 중...
[08/20 16:36:19] 병변 전용 데이터셋 로드 중...
[08/20 16:36:19] 전체 환자 수: 99
[08/20 16:36:19] [Fold 3]
[08/20 16:36:33]   train 환자 59명 (병변슬라이스 236 + 정상대표 236) / val 환자 20명 (자연비율 1269슬라이스) / test 환자 20명 (자연비율 1200슬라이스)
[08/20 16:36:47]     1/  200 (0.0189, 0.0081) (0.9989, 0.9999) (0.2751, 0.2143) (0.9960, 0.9995) * (0.0142, 0.0143) (0.0254, 0.0047) (0.0115, 0.6396) (0.9962, 0.9999) (0.9958, 0.9998) 
[08/20 16:37:00]     2/  200 (0.0067, 0.0044) (0.9982, 0.9998) (0.1952, 0.1702) (0.9935, 0.9992) * (0.2146, 0.0255) (0.3476, 0.0525) (0.2139, 0.1492) (0.9992, 0.9994) (0.9991, 0.9994) 
[08/20 16:37:21]     3/  200 (0.0041, 0.0038) (0.9969, 0.9996) (0.1547, 0.1354) (0.9893, 0.9986) * (0.2150, 0.0182) (0.5765, 0.0992) (0.2661, 0.0277) (0.9987, 0.9978) (0.9986, 0.9978) 
[08/20 16:37:35]     4/  200 (0.0030, 0.0031) (0.9954, 0.9994) (0.1230, 0.1080) (0.9847, 0.9982) * (0.1965, 0.0267) (0.6902, 0.1016) (0.2736, 0.0998) (0.9986, 0.9980) (0.9985, 0.9980) 
[08/20 16:37:56]     5/  200 (0.0024, 0.0126) (0.9941, 0.9993) (0.0982, 0.1062) (0.9804, 0.9977) * (0.2072, 0.0073) (0.7627, 0.1282) (0.2959, 0.0118) (0.9987, 0.9915) (0.9987, 0.9915) 
[08/20 16:38:13]     6/  200 (0.0020, 0.0065) (0.9925, 0.9991) (0.0787, 0.0780) (0.9755, 0.9971) * (0.2032, 0.0096) (0.8094, 0.1366) (0.2952, 0.0152) (0.9988, 0.9951) (0.9987, 0.9951) 
[08/20 16:38:26]     7/  200 (0.0018, 0.0020) (0.9900, 0.9989) (0.0629, 0.0563) (0.9679, 0.9965) * (0.2164, 0.0351) (0.7731, 0.1213) (0.3144, 0.1162) (0.9990, 0.9988) (0.9989, 0.9988) 
[08/20 16:38:42]     8/  200 (0.0021, 0.0281) (0.9879, 0.9986) (0.0512, 0.0795) (0.9617, 0.9958) * (0.2393, 0.0081) (0.8271, 0.1314) (0.3346, 0.0139) (0.9988, 0.9873) (0.9987, 0.9873) 
[08/20 16:39:03]     9/  200 (0.0026, 0.0023) (0.9850, 0.9982) (0.0421, 0.0354) (0.9532, 0.9946) * (0.1947, 0.0365) (0.7713, 0.1223) (0.2943, 0.1274) (0.9984, 0.9985) (0.9984, 0.9985) 
[08/20 16:39:17]    10/  200 (0.0021, 0.0018) (0.9798, 0.9977) (0.0321, 0.0275) (0.9383, 0.9933) * (0.2210, 0.0438) (0.8377, 0.1243) (0.3214, 0.2383) (0.9989, 0.9990) (0.9989, 0.9990) 
[08/20 16:39:37]    11/  200 (0.0030, 0.0007) (0.9751, 0.9978) (0.0268, 0.0200) (0.9250, 0.9934) * (0.2146, 0.0473) (0.8665, 0.1170) (0.3117, 0.1791) (0.9986, 0.9995) (0.9985, 0.9995) 
[08/20 16:39:49]    12/  200 (0.0021, 0.0016) (0.9671, 0.9966) (0.0202, 0.0175) (0.9049, 0.9908) * (0.2356, 0.0484) (0.8782, 0.1193) (0.3446, 0.1894) (0.9991, 0.9993) (0.9991, 0.9992) 
[08/20 16:40:06]    13/  200 (0.0025, 0.0108) (0.9590, 0.9957) (0.0164, 0.0269) (0.8847, 0.9886) * (0.2396, 0.0314) (0.8441, 0.1322) (0.3413, 0.0705) (0.9990, 0.9951) (0.9990, 0.9951) 
[08/20 16:40:23]    14/  200 (0.0026, 0.0010) (0.9457, 0.9945) (0.0129, 0.0096) (0.8549, 0.9859) * (0.2593, 0.0569) (0.8160, 0.1212) (0.3588, 0.2015) (0.9990, 0.9995) (0.9989, 0.9995) 
[08/20 16:40:36]    15/  200 (0.0017, 0.0007) (0.9243, 0.9943) (0.0086, 0.0070) (0.8081, 0.9852) * (0.3235, 0.0528) (0.8718, 0.1168) (0.4443, 0.1974) (0.9995, 0.9997) (0.9995, 0.9997) 
[08/20 16:40:54]    16/  200 (0.0021, 0.0006) (0.9041, 0.9899) (0.0071, 0.0043) (0.7743, 0.9761) * (0.3037, 0.0488) (0.8362, 0.1290) (0.4144, 0.2059) (0.9993, 0.9998) (0.9993, 0.9998) 
[08/20 16:41:07]    17/  200 (0.0016, 0.0004) (0.8660, 0.9899) (0.0049, 0.0028) (0.7095, 0.9762) * (0.3587, 0.0760) (0.8693, 0.1083) (0.4766, 0.3887) (0.9995, 0.9999) (0.9995, 0.9999) 
[08/20 16:41:28]    18/  200 (0.0016, 0.0006) (0.8225, 0.9814) (0.0037, 0.0022) (0.6440, 0.9610) * (0.3947, 0.0562) (0.8934, 0.1269) (0.5109, 0.3127) (0.9996, 0.9998) (0.9996, 0.9998) 
[08/20 16:41:41]    19/  200 (0.0019, 0.0029) (0.7795, 0.9752) (0.0033, 0.0042) (0.5990, 0.9511) * (0.3895, 0.0501) (0.8121, 0.1280) (0.5082, 0.1644) (0.9996, 0.9993) (0.9995, 0.9993) 
[08/20 16:41:56]    20/  200 (0.0013, 0.0045) (0.7154, 0.9692) (0.0022, 0.0056) (0.5133, 0.9433) * (0.4675, 0.0613) (0.8604, 0.1247) (0.5825, 0.2231) (0.9997, 0.9989) (0.9997, 0.9989) 
[08/20 16:42:15]    21/  200 (0.0014, 0.0004) (0.6717, 0.9687) (0.0020, 0.0010) (0.4708, 0.9434) * (0.4771, 0.0812) (0.8637, 0.1158) (0.5879, 0.5724) (0.9997, 0.9999) (0.9997, 0.9999) 
[08/20 16:42:27]    22/  200 (0.0013, 0.0005) (0.6436, 0.9643) (0.0019, 0.0009) (0.4543, 0.9391) * (0.4609, 0.0773) (0.8297, 0.1080) (0.5852, 0.6275) (0.9997, 0.9999) (0.9997, 0.9999) 
[08/20 16:42:52]    23/  200 (0.0010, 0.0021) (0.5859, 0.9576) (0.0014, 0.0027) (0.3953, 0.9283) * (0.5318, 0.0676) (0.8534, 0.1276) (0.6278, 0.1767) (0.9998, 0.9995) (0.9998, 0.9995) 
[08/20 16:43:05]    24/  200 (0.0009, 0.0027) (0.5379, 0.9493) (0.0012, 0.0031) (0.3428, 0.9206) * (0.5502, 0.0776) (0.8786, 0.1235) (0.6677, 0.3684) (0.9998, 0.9994) (0.9998, 0.9994) 
[08/20 16:43:18]    25/  200 (0.0010, 0.0006) (0.5266, 0.9475) (0.0012, 0.0009) (0.3500, 0.9175) * (0.5308, 0.0745) (0.8441, 0.1252) (0.6629, 0.4504) (0.9998, 0.9999) (0.9998, 0.9999) 
[08/20 16:43:40]    26/  200 (0.0008, 0.0007) (0.4912, 0.9396) (0.0010, 0.0009) (0.3212, 0.9124) * (0.5730, 0.0833) (0.8588, 0.1201) (0.6877, 0.3798) (0.9998, 0.9998) (0.9998, 0.9998) 
[08/20 16:43:53]    27/  200 (0.0009, 0.0019) (0.4723, 0.9352) (0.0011, 0.0022) (0.3036, 0.9063) * (0.5412, 0.0775) (0.8429, 0.1283) (0.6938, 0.3239) (0.9998, 0.9996) (0.9998, 0.9996) 
[08/20 16:44:16]    28/  200 (0.0008, 0.0015) (0.4490, 0.9327) (0.0009, 0.0017) (0.2871, 0.9042) * (0.5871, 0.0799) (0.8645, 0.1280) (0.7123, 0.4256) (0.9999, 0.9997) (0.9998, 0.9997) 
[08/20 16:44:30]    29/  200 (0.0008, 0.0007) (0.4040, 0.9274) (0.0009, 0.0008) (0.2411, 0.9029) * (0.6091, 0.0928) (0.8936, 0.1210) (0.7307, 0.5262) (0.9999, 0.9999) (0.9998, 0.9999) 
[08/20 16:44:48]    30/  200 (0.0008, 0.0008) (0.3820, 0.9275) (0.0009, 0.0009) (0.2239, 0.9013) * (0.6329, 0.0828) (0.8974, 0.1251) (0.7617, 0.4525) (0.9999, 0.9999) (0.9998, 0.9998) 
[08/20 16:45:06]    31/  200 (0.0008, 0.0015) (0.3960, 0.9206) (0.0009, 0.0017) (0.2485, 0.8960) * (0.5945, 0.0898) (0.8666, 0.1270) (0.7382, 0.3865) (0.9999, 0.9997) (0.9998, 0.9997) 
[08/20 16:45:20]    32/  200 (0.0008, 0.0005) (0.3724, 0.9226) (0.0009, 0.0006) (0.2268, 0.9014) * (0.6204, 0.0952) (0.8871, 0.1177) (0.7274, 0.5394) (0.9999, 0.9999) (0.9998, 0.9999) 
[08/20 16:45:32]    33/  200 (0.0007, 0.0021) (0.3617, 0.9249) (0.0008, 0.0022) (0.2257, 0.9004) * (0.6258, 0.0760) (0.8781, 0.1270) (0.7559, 0.2899) (0.9999, 0.9997) (0.9998, 0.9997) 
[08/20 16:45:55]    34/  200 (0.0008, 0.0006) (0.3543, 0.9233) (0.0008, 0.0007) (0.2188, 0.9012) * (0.6317, 0.0911) (0.8772, 0.1207) (0.7439, 0.5615) (0.9999, 0.9999) (0.9999, 0.9999) 
[08/20 16:46:08]    35/  200 (0.0007, 0.0011) (0.3193, 0.9172) (0.0007, 0.0012) (0.1888, 0.8983) * (0.6642, 0.0910) (0.8987, 0.1200) (0.7791, 0.3989) (0.9999, 0.9998) (0.9999, 0.9998) 
[08/20 16:46:20]    36/  200 (0.0008, 0.0006) (0.3754, 0.9193) (0.0009, 0.0007) (0.2452, 0.9010) * (0.5977, 0.0956) (0.8460, 0.1161) (0.7152, 0.5072) (0.9999, 0.9999) (0.9998, 0.9999) 
[08/20 16:46:32]    37/  200 (0.0009, 0.0005) (0.3579, 0.9188) (0.0009, 0.0005) (0.2313, 0.9024) * (0.6246, 0.0925) (0.8577, 0.1098) (0.7280, 0.6364) (0.9999, 0.9999) (0.9998, 0.9999) 
[08/20 16:46:44]    38/  200 (0.0009, 0.0008) (0.3594, 0.9181) (0.0010, 0.0008) (0.2408, 0.8957) * (0.6065, 0.0838) (0.8463, 0.1255) (0.7235, 0.4948) (0.9999, 0.9999) (0.9998, 0.9999) 
[08/20 16:46:57]    39/  200 (0.0009, 0.0006) (0.3518, 0.9159) (0.0009, 0.0007) (0.2347, 0.8944) * (0.6206, 0.0876) (0.8511, 0.1236) (0.7283, 0.5787) (0.9999, 0.9999) (0.9998, 0.9999) 
[08/20 16:47:11]    40/  200 (0.0008, 0.0016) (0.3400, 0.9103) (0.0008, 0.0017) (0.2197, 0.8899) * (0.6117, 0.0889) (0.8593, 0.1263) (0.7526, 0.4489) (0.9999, 0.9997) (0.9999, 0.9997) 
[08/20 16:47:25]    41/  200 (0.0007, 0.0008) (0.2897, 0.9138) (0.0008, 0.0009) (0.1702, 0.8964) * (0.6648, 0.0903) (0.9056, 0.1163) (0.7947, 0.6362) (0.9999, 0.9999) (0.9999, 0.9999) 
[08/20 16:47:48]    42/  200 (0.0007, 0.0011) (0.2817, 0.9102) (0.0008, 0.0011) (0.1689, 0.8942) * (0.6775, 0.0970) (0.9004, 0.1176) (0.8043, 0.5249) (0.9999, 0.9998) (0.9999, 0.9998) 
[08/20 16:48:00]    43/  200 (0.0007, 0.0009) (0.3014, 0.9092) (0.0007, 0.0010) (0.1882, 0.8925) * (0.6472, 0.0901) (0.8852, 0.1218) (0.7850, 0.5033) (0.9999, 0.9998) (0.9999, 0.9998) 
[08/20 16:48:13]    44/  200 (0.0008, 0.0011) (0.2978, 0.9136) (0.0008, 0.0011) (0.1851, 0.8927) * (0.6513, 0.0899) (0.8827, 0.1246) (0.7868, 0.4329) (0.9999, 0.9998) (0.9999, 0.9998) 
[08/20 16:48:25]    45/  200 (0.0007, 0.0008) (0.2887, 0.9081) (0.0007, 0.0008) (0.1798, 0.8925) * (0.6696, 0.0971) (0.8864, 0.1181) (0.7944, 0.5848) (0.9999, 0.9999) (0.9999, 0.9999) 
[08/20 16:48:37]    46/  200 (0.0007, 0.0005) (0.2659, 0.9098) (0.0007, 0.0006) (0.1523, 0.8947) * (0.6893, 0.0962) (0.9229, 0.1160) (0.7839, 0.6369) (0.9999, 0.9999) (0.9999, 0.9999) 
[08/20 16:48:59]    47/  200 (0.0007, 0.0009) (0.2856, 0.9074) (0.0007, 0.0009) (0.1755, 0.8920) * (0.6637, 0.0939) (0.8949, 0.1190) (0.8009, 0.5392) (0.9999, 0.9999) (0.9999, 0.9998) 
[08/20 16:49:13]    48/  200 (0.0008, 0.0026) (0.2631, 0.9152) (0.0008, 0.0025) (0.1575, 0.8940) * (0.6858, 0.0796) (0.9041, 0.1258) (0.8108, 0.3333) (0.9999, 0.9996) (0.9999, 0.9996) 
[08/20 16:49:25]    49/  200 (0.0006, 0.0009) (0.2944, 0.9056) (0.0006, 0.0010) (0.2002, 0.8915) * (0.6582, 0.0982) (0.8573, 0.1178) (0.8111, 0.5355) (0.9999, 0.9999) (0.9999, 0.9998) 
[08/20 16:49:37]    50/  200 (0.0010, 0.0007) (0.2999, 0.9072) (0.0009, 0.0007) (0.2045, 0.8924) * (0.6518, 0.0934) (0.8608, 0.1181) (0.7700, 0.5363) (0.9999, 0.9999) (0.9999, 0.9999) 
[08/20 16:49:50]    51/  200 (0.0007, 0.0006) (0.2405, 0.9051) (0.0007, 0.0006) (0.1349, 0.8940) * (0.7148, 0.1013) (0.9292, 0.1135) (0.8143, 0.5918) (0.9999, 0.9999) (0.9999, 0.9999) 
[08/20 16:50:02]    52/  200 (0.0007, 0.0007) (0.2599, 0.9046) (0.0007, 0.0007) (0.1637, 0.8909) * (0.6853, 0.0965) (0.8932, 0.1183) (0.8174, 0.5793) (0.9999, 0.9999) (0.9999, 0.9999) 
[08/20 16:50:22]    53/  200 (0.0008, 0.0006) (0.2807, 0.9065) (0.0008, 0.0006) (0.1787, 0.8890) * (0.6609, 0.0897) (0.8829, 0.1251) (0.8037, 0.5206) (0.9999, 0.9999) (0.9999, 0.9999) 
[08/20 16:50:35]    54/  200 (0.0007, 0.0007) (0.2418, 0.9037) (0.0007, 0.0007) (0.1415, 0.8888) * (0.7023, 0.0941) (0.9184, 0.1221) (0.8189, 0.5226) (0.9999, 0.9999) (0.9999, 0.9999) 
[08/20 16:50:49]    55/  200 (0.0007, 0.0015) (0.2766, 0.9026) (0.0007, 0.0015) (0.1855, 0.8922) * (0.6640, 0.1022) (0.8684, 0.1167) (0.8190, 0.3589) (0.9999, 0.9998) (0.9999, 0.9998) 
[08/20 16:51:20]    56/  200 (0.0007, 0.0006) (0.2598, 0.9045) (0.0007, 0.0006) (0.1722, 0.8942) * (0.6833, 0.1024) (0.8799, 0.1131) (0.8279, 0.5608) (0.9999, 0.9999) (0.9999, 0.9999) 
[08/20 16:51:32]    57/  200 (0.0006, 0.0007) (0.2338, 0.9054) (0.0006, 0.0007) (0.1462, 0.8936) * (0.7112, 0.0976) (0.9058, 0.1152) (0.8468, 0.6003) (0.9999, 0.9999) (0.9999, 0.9999) 
[08/20 16:51:44]    58/  200 (0.0007, 0.0009) (0.2015, 0.9034) (0.0006, 0.0009) (0.1117, 0.8926) * (0.7488, 0.0999) (0.9431, 0.1145) (0.8493, 0.5761) (0.9999, 0.9999) (0.9999, 0.9999) 
[08/20 16:51:56]    59/  200 (0.0007, 0.0009) (0.2516, 0.9041) (0.0006, 0.0009) (0.1673, 0.8928) * (0.6917, 0.0975) (0.8817, 0.1153) (0.8510, 0.5748) (0.9999, 0.9999) (0.9999, 0.9999) 
[08/20 16:52:09]    60/  200 (0.0008, 0.0010) (0.2234, 0.9042) (0.0007, 0.0010) (0.1356, 0.8926) * (0.7140, 0.0982) (0.9147, 0.1161) (0.8452, 0.5722) (0.9999, 0.9999) (0.9999, 0.9999) 
[08/20 16:52:21]    61/  200 (0.0007, 0.0011) (0.2348, 0.9039) (0.0007, 0.0010) (0.1567, 0.8923) * (0.7141, 0.0981) (0.8865, 0.1162) (0.8582, 0.5471) (0.9999, 0.9999) (0.9999, 0.9999) 
[08/20 16:52:33]    62/  200 (0.0007, 0.0014) (0.2274, 0.9015) (0.0006, 0.0014) (0.1484, 0.8882) * (0.7175, 0.0952) (0.8973, 0.1216) (0.8393, 0.5015) (0.9999, 0.9998) (0.9999, 0.9998) 
[08/20 16:52:58]    63/  200 (0.0007, 0.0008) (0.2281, 0.9029) (0.0006, 0.0007) (0.1485, 0.8916) * (0.7145, 0.0985) (0.8965, 0.1170) (0.8577, 0.6205) (0.9999, 0.9999) (0.9999, 0.9999) 
[08/20 16:53:10]    64/  200 (0.0007, 0.0010) (0.2093, 0.9015) (0.0007, 0.0009) (0.1187, 0.8903) * (0.7295, 0.0994) (0.9366, 0.1187) (0.8341, 0.5651) (0.9999, 0.9999) (0.9999, 0.9999) 
[08/20 16:53:27]    65/  200 (0.0006, 0.0004) (0.2330, 0.9079) (0.0006, 0.0004) (0.1545, 0.8994) * (0.7146, 0.0993) (0.8920, 0.1067) (0.8508, 0.7182) (0.9999, 1.0000) (0.9999, 0.9999) 
[08/20 16:53:46]    66/  200 (0.0008, 0.0008) (0.2543, 0.9061) (0.0007, 0.0008) (0.1741, 0.8948) * (0.6902, 0.0949) (0.8731, 0.1134) (0.8384, 0.5664) (0.9999, 0.9999) (0.9999, 0.9999) 
[08/20 16:53:58]    67/  200 (0.0007, 0.0011) (0.2383, 0.9026) (0.0006, 0.0010) (0.1641, 0.8924) * (0.7116, 0.1002) (0.8794, 0.1147) (0.8631, 0.5573) (0.9999, 0.9999) (0.9999, 0.9999) 
[08/20 16:54:19]    68/  200 (0.0008, 0.0008) (0.2139, 0.9026) (0.0007, 0.0007) (0.1335, 0.8905) * (0.7275, 0.0959) (0.9140, 0.1190) (0.8611, 0.5224) (0.9999, 0.9999) (0.9999, 0.9999) 
[08/20 16:54:31]    69/  200 (0.0008, 0.0007) (0.2493, 0.9050) (0.0007, 0.0006) (0.1617, 0.8946) * (0.6894, 0.0954) (0.8932, 0.1128) (0.8246, 0.6166) (0.9999, 0.9999) (0.9999, 0.9999) 
[08/20 16:54:43]    70/  200 (0.0007, 0.0007) (0.2060, 0.9062) (0.0006, 0.0007) (0.1277, 0.8957) * (0.7399, 0.0951) (0.9170, 0.1116) (0.8621, 0.6319) (0.9999, 0.9999) (0.9999, 0.9999) 
[08/20 16:55:07]    71/  200 (0.0007, 0.0008) (0.2050, 0.9038) (0.0006, 0.0007) (0.1263, 0.8945) * (0.7402, 0.0996) (0.9178, 0.1120) (0.8432, 0.6366) (0.9999, 0.9999) (0.9999, 0.9999) 
[08/20 16:55:19]    72/  200 (0.0007, 0.0008) (0.2372, 0.9031) (0.0006, 0.0007) (0.1680, 0.8950) * (0.7120, 0.1031) (0.8704, 0.1104) (0.8794, 0.6222) (0.9999, 0.9999) (0.9999, 0.9999) 
[08/20 16:55:31]    73/  200 (0.0007, 0.0007) (0.1994, 0.9029) (0.0006, 0.0006) (0.1319, 0.8933) * (0.7518, 0.0980) (0.9064, 0.1138) (0.8745, 0.6498) (0.9999, 0.9999) (0.9999, 0.9999) 
[08/20 16:55:44]    74/  200 (0.0007, 0.0009) (0.2020, 0.9017) (0.0006, 0.0008) (0.1275, 0.8921) * (0.7451, 0.0988) (0.9153, 0.1151) (0.8633, 0.6259) (0.9999, 0.9999) (0.9999, 0.9999) 
[08/20 16:55:56]    75/  200 (0.0007, 0.0006) (0.2092, 0.9049) (0.0006, 0.0006) (0.1360, 0.8955) * (0.7351, 0.0974) (0.9072, 0.1119) (0.8726, 0.6605) (0.9999, 0.9999) (0.9999, 0.9999) 
[08/20 16:56:19]    76/  200 (0.0007, 0.0006) (0.1953, 0.9029) (0.0006, 0.0005) (0.1239, 0.8938) * (0.7506, 0.0995) (0.9166, 0.1127) (0.8784, 0.6810) (0.9999, 0.9999) (0.9999, 0.9999) 
[08/20 16:56:32]    77/  200 (0.0008, 0.0009) (0.2199, 0.9046) (0.0007, 0.0008) (0.1312, 0.8971) * (0.7246, 0.1007) (0.9226, 0.1079) (0.8235, 0.6365) (0.9999, 0.9999) (0.9999, 0.9999) 
[08/20 16:56:54]    78/  200 (0.0007, 0.0009) (0.2105, 0.9018) (0.0006, 0.0009) (0.1444, 0.8924) * (0.7356, 0.0998) (0.8919, 0.1153) (0.8673, 0.5822) (0.9999, 0.9999) (0.9999, 0.9999) 
[08/20 16:57:08]    79/  200 (0.0007, 0.0008) (0.1995, 0.9023) (0.0006, 0.0008) (0.1261, 0.8921) * (0.7429, 0.0985) (0.9147, 0.1141) (0.8721, 0.6120) (0.9999, 0.9999) (0.9999, 0.9999) 
[08/20 16:57:20]    80/  200 (0.0007, 0.0007) (0.2085, 0.9022) (0.0006, 0.0006) (0.1394, 0.8959) * (0.7365, 0.1038) (0.8993, 0.1082) (0.8713, 0.6506) (0.9999, 0.9999) (0.9999, 0.9999) 
[08/20 16:57:32]    81/  200 (0.0008, 0.0007) (0.2135, 0.9017) (0.0007, 0.0006) (0.1422, 0.8920) * (0.7353, 0.0990) (0.8975, 0.1153) (0.8683, 0.6131) (0.9999, 0.9999) (0.9999, 0.9999) 
[08/20 16:57:53]    82/  200 (0.0006, 0.0006) (0.2314, 0.9017) (0.0006, 0.0005) (0.1615, 0.8934) * (0.7103, 0.1012) (0.8777, 0.1121) (0.8633, 0.6661) (0.9999, 0.9999) (0.9999, 0.9999) 
[08/20 16:58:05]    83/  200 (0.0007, 0.0010) (0.1789, 0.9024) (0.0006, 0.0008) (0.1079, 0.8939) * (0.7661, 0.1005) (0.9327, 0.1124) (0.8677, 0.6160) (0.9999, 0.9999) (0.9999, 0.9999) 
[08/20 16:58:24]    84/  200 (0.0007, 0.0008) (0.1675, 0.9032) (0.0006, 0.0007) (0.1009, 0.8926) * (0.7786, 0.0971) (0.9360, 0.1145) (0.8771, 0.6395) (0.9999, 0.9999) (0.9999, 0.9999) 
[08/20 16:58:45]    85/  200 (0.0007, 0.0013) (0.1808, 0.8987) (0.0006, 0.0012) (0.1176, 0.8903) * (0.7713, 0.1013) (0.9163, 0.1158) (0.8902, 0.5558) (0.9999, 0.9999) (0.9999, 0.9998) 
[08/20 16:58:57]    86/  200 (0.0007, 0.0013) (0.2111, 0.8997) (0.0006, 0.0011) (0.1449, 0.8910) * (0.7324, 0.1002) (0.8910, 0.1163) (0.8738, 0.5429) (0.9999, 0.9999) (0.9999, 0.9999) 
[08/20 16:59:09]    87/  200 (0.0007, 0.0007) (0.1814, 0.9010) (0.0006, 0.0007) (0.1070, 0.8934) * (0.7615, 0.1021) (0.9361, 0.1118) (0.8637, 0.6323) (0.9999, 0.9999) (0.9999, 0.9999) 
[08/20 16:59:27]    88/  200 (0.0007, 0.0008) (0.2430, 0.9010) (0.0006, 0.0007) (0.1885, 0.8942) * (0.7106, 0.1032) (0.8421, 0.1109) (0.8752, 0.6355) (0.9999, 0.9999) (0.9999, 0.9999) 
[08/20 16:59:49]    89/  200 (0.0007, 0.0009) (0.2141, 0.9024) (0.0006, 0.0008) (0.1480, 0.8938) * (0.7303, 0.1003) (0.8894, 0.1131) (0.8884, 0.6156) (0.9999, 0.9999) (0.9999, 0.9999) 
[08/20 17:00:01]    90/  200 (0.0007, 0.0012) (0.2133, 0.9004) (0.0006, 0.0011) (0.1510, 0.8927) * (0.7348, 0.1025) (0.8833, 0.1130) (0.8894, 0.5420) (0.9999, 0.9999) (0.9999, 0.9999) 
[08/20 17:00:13]    91/  200 (0.0007, 0.0010) (0.1826, 0.9007) (0.0006, 0.0009) (0.1248, 0.8932) * (0.7675, 0.1021) (0.9065, 0.1117) (0.8931, 0.5912) (0.9999, 0.9999) (0.9999, 0.9999) 
[08/20 17:00:34]    92/  200 (0.0007, 0.0010) (0.1729, 0.9010) (0.0006, 0.0008) (0.1117, 0.8935) * (0.7781, 0.1029) (0.9209, 0.1118) (0.8788, 0.6163) (0.9999, 0.9999) (0.9999, 0.9999) 
[08/20 17:00:49]    93/  200 (0.0007, 0.0007) (0.1993, 0.9006) (0.0006, 0.0006) (0.1322, 0.8931) * (0.7409, 0.1003) (0.9039, 0.1124) (0.8589, 0.6545) (0.9999, 0.9999) (0.9999, 0.9999) 
[08/20 17:01:01]    94/  200 (0.0006, 0.0009) (0.1780, 0.9007) (0.0005, 0.0007) (0.1189, 0.8930) * (0.7733, 0.1003) (0.9123, 0.1122) (0.9004, 0.6036) (0.9999, 0.9999) (0.9999, 0.9999) 
[08/20 17:01:22]    95/  200 (0.0006, 0.0007) (0.1920, 0.9005) (0.0005, 0.0006) (0.1384, 0.8937) * (0.7631, 0.1032) (0.8900, 0.1115) (0.8925, 0.6649) (0.9999, 0.9999) (0.9999, 0.9999) 
[08/20 17:01:34]    96/  200 (0.0007, 0.0007) (0.1805, 0.9011) (0.0005, 0.0006) (0.1228, 0.8940) * (0.7729, 0.1013) (0.9076, 0.1109) (0.8969, 0.6816) (0.9999, 0.9999) (0.9999, 0.9999) 
[08/20 17:01:51]    97/  200 (0.0007, 0.0009) (0.1960, 0.8997) (0.0006, 0.0007) (0.1375, 0.8920) * (0.7532, 0.1020) (0.8938, 0.1134) (0.8970, 0.6172) (0.9999, 0.9999) (0.9999, 0.9999) 
[08/20 17:02:07]    98/  200 (0.0006, 0.0008) (0.1697, 0.8999) (0.0005, 0.0007) (0.1056, 0.8934) * (0.7736, 0.1038) (0.9300, 0.1109) (0.8897, 0.6231) (0.9999, 0.9999) (0.9999, 0.9999) 
[08/20 17:02:19]    99/  200 (0.0007, 0.0007) (0.1372, 0.9011) (0.0006, 0.0006) (0.0803, 0.8936) * (0.8120, 0.1026) (0.9488, 0.1119) (0.8969, 0.6386) (0.9999, 0.9999) (0.9999, 0.9999) 
[08/20 17:02:43]   100/  200 (0.0007, 0.0006) (0.1946, 0.9020) (0.0005, 0.0005) (0.1341, 0.8962) * (0.7526, 0.1032) (0.8982, 0.1081) (0.8980, 0.6688) (0.9999, 0.9999) (0.9999, 0.9999) 
[08/20 17:02:56]   101/  200 (0.0007, 0.0007) (0.1730, 0.8999) (0.0006, 0.0006) (0.1188, 0.8931) * (0.7809, 0.1045) (0.9093, 0.1121) (0.9034, 0.6584) (0.9999, 0.9999) (0.9999, 0.9999) 
[08/20 17:03:08]   102/  200 (0.0007, 0.0012) (0.1922, 0.9002) (0.0005, 0.0010) (0.1378, 0.8926) * (0.7637, 0.1022) (0.8926, 0.1129) (0.9012, 0.5512) (0.9999, 0.9999) (0.9999, 0.9999) 
[08/20 17:03:28]   103/  200 (0.0006, 0.0007) (0.1813, 0.9000) (0.0005, 0.0006) (0.1279, 0.8940) * (0.7750, 0.1041) (0.9007, 0.1111) (0.9039, 0.6494) (0.9999, 0.9999) (0.9999, 0.9999) 
[08/20 17:03:44]   104/  200 (0.0007, 0.0009) (0.1769, 0.9003) (0.0005, 0.0007) (0.1182, 0.8935) * (0.7720, 0.1030) (0.9142, 0.1118) (0.8811, 0.6358) (0.9999, 0.9999) (0.9999, 0.9999) 
[08/20 17:03:56]   105/  200 (0.0006, 0.0008) (0.1416, 0.9009) (0.0005, 0.0007) (0.0858, 0.8932) * (0.8107, 0.1018) (0.9443, 0.1124) (0.9004, 0.6540) (0.9999, 0.9999) (0.9999, 0.9999) 
[08/20 17:04:23]   106/  200 (0.0007, 0.0009) (0.1492, 0.9013) (0.0005, 0.0008) (0.0880, 0.8906) * (0.7980, 0.0963) (0.9466, 0.1174) (0.8926, 0.6034) (0.9999, 0.9999) (0.9999, 0.9999) 
[08/20 17:04:35]   107/  200 (0.0007, 0.0009) (0.1856, 0.9001) (0.0006, 0.0007) (0.1245, 0.8920) * (0.7627, 0.1011) (0.9084, 0.1133) (0.8839, 0.5946) (0.9999, 0.9999) (0.9999, 0.9999) 
[08/20 17:04:49]   108/  200 (0.0007, 0.0006) (0.1530, 0.9004) (0.0005, 0.0005) (0.0962, 0.8941) * (0.7981, 0.1038) (0.9339, 0.1099) (0.9062, 0.6603) (0.9999, 0.9999) (0.9999, 0.9999) 
[08/20 17:05:08]   109/  200 (0.0007, 0.0007) (0.1608, 0.9009) (0.0005, 0.0006) (0.1041, 0.8947) * (0.7886, 0.1039) (0.9257, 0.1098) (0.8969, 0.6600) (0.9999, 0.9999) (0.9999, 0.9999) 
[08/20 17:05:20]   110/  200 (0.0007, 0.0008) (0.1932, 0.9003) (0.0005, 0.0007) (0.1413, 0.8953) * (0.7645, 0.1067) (0.8855, 0.1089) (0.9078, 0.5982) (0.9999, 0.9999) (0.9999, 0.9999) 
[08/20 17:05:41]   111/  200 (0.0007, 0.0008) (0.1566, 0.9004) (0.0005, 0.0006) (0.1066, 0.8948) * (0.8014, 0.1054) (0.9190, 0.1095) (0.9101, 0.6231) (0.9999, 0.9999) (0.9999, 0.9999) 
[08/20 17:05:56]   112/  200 (0.0007, 0.0008) (0.1896, 0.8997) (0.0005, 0.0006) (0.1412, 0.8940) * (0.7696, 0.1054) (0.8845, 0.1101) (0.9109, 0.6266) (0.9999, 0.9999) (0.9999, 0.9999) 
[08/20 17:06:08]   113/  200 (0.0007, 0.0007) (0.1703, 0.9004) (0.0005, 0.0006) (0.1137, 0.8950) * (0.7818, 0.1058) (0.9190, 0.1092) (0.8959, 0.6639) (0.9999, 0.9999) (0.9999, 0.9999) 
[08/20 17:06:21]   114/  200 (0.0007, 0.0007) (0.1643, 0.9000) (0.0005, 0.0006) (0.1124, 0.8931) * (0.7912, 0.1028) (0.9157, 0.1120) (0.9028, 0.6548) (0.9999, 0.9999) (0.9999, 0.9999) 
[08/20 17:06:41]   115/  200 (0.0007, 0.0008) (0.1397, 0.8997) (0.0005, 0.0007) (0.0869, 0.8938) * (0.8130, 0.1041) (0.9412, 0.1094) (0.9099, 0.6261) (0.9999, 0.9999) (0.9999, 0.9999) 
[08/20 17:06:54]   116/  200 (0.0007, 0.0008) (0.1713, 0.8999) (0.0005, 0.0007) (0.1240, 0.8947) * (0.7882, 0.1046) (0.9015, 0.1090) (0.9118, 0.6479) (0.9999, 0.9999) (0.9999, 0.9999) 
[08/20 17:07:15]   117/  200 (0.0007, 0.0009) (0.1703, 0.8976) (0.0005, 0.0007) (0.1174, 0.8903) * (0.7863, 0.1035) (0.9123, 0.1156) (0.9063, 0.6326) (0.9999, 0.9999) (0.9999, 0.9999) 
[08/20 17:07:27]   118/  200 (0.0006, 0.0010) (0.1332, 0.8970) (0.0005, 0.0008) (0.0829, 0.8901) * (0.8233, 0.1037) (0.9443, 0.1152) (0.9078, 0.5982) (0.9999, 0.9999) (0.9999, 0.9999) 
[08/20 17:07:39]   119/  200 (0.0006, 0.0009) (0.1468, 0.8981) (0.0005, 0.0008) (0.1006, 0.8921) * (0.8117, 0.1039) (0.9234, 0.1123) (0.9112, 0.6156) (0.9999, 0.9999) (0.9999, 0.9999) 
[08/20 17:08:02]   120/  200 (0.0007, 0.0008) (0.1742, 0.8992) (0.0005, 0.0006) (0.1165, 0.8919) * (0.7724, 0.1009) (0.9152, 0.1143) (0.8743, 0.6272) (0.9999, 0.9999) (0.9999, 0.9999) 
[08/20 17:08:15]   121/  200 (0.0007, 0.0008) (0.1888, 0.8989) (0.0005, 0.0007) (0.1388, 0.8937) * (0.7657, 0.1056) (0.8884, 0.1104) (0.9094, 0.6307) (0.9999, 0.9999) (0.9999, 0.9999) 
[08/20 17:08:33]   122/  200 (0.0007, 0.0008) (0.1888, 0.8979) (0.0005, 0.0007) (0.1364, 0.8926) * (0.7626, 0.1056) (0.8914, 0.1104) (0.9103, 0.6246) (0.9999, 0.9999) (0.9999, 0.9999) 
[08/20 17:08:48]   123/  200 (0.0006, 0.0008) (0.1590, 0.8992) (0.0005, 0.0006) (0.1137, 0.8940) * (0.8021, 0.1047) (0.9096, 0.1101) (0.9073, 0.6520) (0.9999, 0.9999) (0.9999, 0.9999) 
[08/20 17:09:03]   124/  200 (0.0007, 0.0009) (0.1522, 0.8988) (0.0005, 0.0007) (0.1038, 0.8931) * (0.8043, 0.1041) (0.9215, 0.1115) (0.9139, 0.5959) (0.9999, 0.9999) (0.9999, 0.9999) 
[08/20 17:09:23]   125/  200 (0.0007, 0.0008) (0.1688, 0.8991) (0.0005, 0.0006) (0.1267, 0.8939) * (0.7928, 0.1051) (0.8955, 0.1106) (0.9132, 0.6368) (0.9999, 0.9999) (0.9999, 0.9999) 
[08/20 17:09:36]   126/  200 (0.0007, 0.0010) (0.1639, 0.8982) (0.0005, 0.0008) (0.1145, 0.8915) * (0.7918, 0.1035) (0.9119, 0.1135) (0.9098, 0.5685) (0.9999, 0.9999) (0.9999, 0.9999) 
[08/20 17:09:57]   127/  200 (0.0007, 0.0009) (0.1156, 0.8992) (0.0005, 0.0007) (0.0611, 0.8952) * (0.8359, 0.1072) (0.9679, 0.1081) (0.9088, 0.6049) (0.9999, 0.9999) (0.9999, 0.9999) 
[08/20 17:10:12]   128/  200 (0.0007, 0.0007) (0.1266, 0.8998) (0.0005, 0.0006) (0.0817, 0.8948) * (0.8392, 0.1051) (0.9425, 0.1098) (0.9060, 0.6517) (0.9999, 0.9999) (0.9999, 0.9999) 
[08/20 17:10:24]   129/  200 (0.0007, 0.0008) (0.1920, 0.8993) (0.0005, 0.0006) (0.1496, 0.8942) * (0.7697, 0.1050) (0.8728, 0.1101) (0.9235, 0.6362) (0.9999, 0.9999) (0.9999, 0.9999) 
[08/20 17:10:41]   130/  200 (0.0007, 0.0006) (0.1492, 0.9011) (0.0005, 0.0005) (0.0984, 0.8966) * (0.8060, 0.1058) (0.9294, 0.1073) (0.8994, 0.7130) (0.9999, 1.0000) (0.9999, 0.9999) 
[08/20 17:11:00]   131/  200 (0.0006, 0.0007) (0.1369, 0.9008) (0.0005, 0.0006) (0.0901, 0.8960) * (0.8241, 0.1055) (0.9352, 0.1078) (0.9217, 0.6472) (1.0000, 0.9999) (0.9999, 0.9999) 
[08/20 17:11:12]   132/  200 (0.0006, 0.0007) (0.1397, 0.9010) (0.0005, 0.0006) (0.0909, 0.8974) * (0.8178, 0.1067) (0.9345, 0.1065) (0.9014, 0.6348) (0.9999, 0.9999) (0.9999, 0.9999) 
[08/20 17:11:24]   133/  200 (0.0006, 0.0008) (0.1457, 0.8996) (0.0005, 0.0006) (0.1010, 0.8957) * (0.8130, 0.1071) (0.9219, 0.1078) (0.9112, 0.6297) (0.9999, 0.9999) (0.9999, 0.9999) 
[08/20 17:11:42]   134/  200 (0.0006, 0.0008) (0.1412, 0.8996) (0.0005, 0.0006) (0.0983, 0.8942) * (0.8203, 0.1049) (0.9238, 0.1106) (0.9246, 0.6458) (1.0000, 0.9999) (0.9999, 0.9999) 
[08/20 17:11:54]   135/  200 (0.0006, 0.0007) (0.1571, 0.9002) (0.0005, 0.0006) (0.1128, 0.8962) * (0.8015, 0.1065) (0.9100, 0.1068) (0.9244, 0.6600) (1.0000, 0.9999) (0.9999, 0.9999) 
[08/20 17:12:18]   136/  200 (0.0007, 0.0007) (0.1286, 0.9012) (0.0005, 0.0005) (0.0804, 0.8973) * (0.8293, 0.1066) (0.9458, 0.1062) (0.9100, 0.6940) (0.9999, 1.0000) (0.9999, 0.9999) 
[08/20 17:12:30]   137/  200 (0.0007, 0.0008) (0.1342, 0.8998) (0.0005, 0.0006) (0.0869, 0.8955) * (0.8252, 0.1063) (0.9380, 0.1088) (0.9140, 0.6550) (0.9999, 0.9999) (0.9999, 0.9999) 
[08/20 17:12:52]   138/  200 (0.0007, 0.0008) (0.1730, 0.9005) (0.0005, 0.0006) (0.1272, 0.8966) * (0.7855, 0.1065) (0.8979, 0.1067) (0.9168, 0.6380) (0.9999, 0.9999) (0.9999, 0.9999) 
[08/20 17:13:06]   139/  200 (0.0006, 0.0008) (0.1671, 0.9016) (0.0005, 0.0006) (0.1202, 0.8977) * (0.7937, 0.1063) (0.9054, 0.1054) (0.9071, 0.6556) (1.0000, 0.9999) (0.9999, 0.9999) 
[08/20 17:13:18]   140/  200 (0.0006, 0.0006) (0.1516, 0.9017) (0.0005, 0.0005) (0.1036, 0.8979) * (0.8091, 0.1072) (0.9228, 0.1057) (0.9150, 0.7002) (1.0000, 1.0000) (0.9999, 0.9999) 
[08/20 17:13:46]   141/  200 (0.0007, 0.0009) (0.1468, 0.8990) (0.0005, 0.0007) (0.1000, 0.8945) * (0.8103, 0.1064) (0.9252, 0.1089) (0.9186, 0.5800) (1.0000, 0.9999) (0.9999, 0.9999) 
[08/20 17:13:58]   142/  200 (0.0006, 0.0007) (0.1497, 0.8996) (0.0004, 0.0006) (0.1059, 0.8961) * (0.8113, 0.1080) (0.9164, 0.1076) (0.9247, 0.6427) (1.0000, 0.9999) (0.9999, 0.9999) 
[08/20 17:14:10]   143/  200 (0.0007, 0.0009) (0.1260, 0.8989) (0.0005, 0.0007) (0.0780, 0.8940) * (0.8334, 0.1058) (0.9475, 0.1095) (0.9131, 0.5895) (1.0000, 0.9999) (0.9999, 0.9999) 
[08/20 17:14:27]   144/  200 (0.0007, 0.0008) (0.1673, 0.8996) (0.0005, 0.0006) (0.1259, 0.8956) * (0.7962, 0.1071) (0.8953, 0.1081) (0.9226, 0.6140) (1.0000, 0.9999) (0.9999, 0.9999) 
[08/20 17:14:39]   145/  200 (0.0006, 0.0008) (0.1591, 0.8997) (0.0005, 0.0007) (0.1142, 0.8950) * (0.8002, 0.1058) (0.9089, 0.1091) (0.9230, 0.5985) (1.0000, 0.9999) (0.9999, 0.9999) 
[08/20 17:14:57]   146/  200 (0.0006, 0.0006) (0.1481, 0.9005) (0.0005, 0.0005) (0.1033, 0.8963) * (0.8149, 0.1072) (0.9210, 0.1076) (0.9165, 0.6797) (1.0000, 1.0000) (0.9999, 0.9999) 
[08/20 17:15:09]   147/  200 (0.0006, 0.0007) (0.1759, 0.9002) (0.0004, 0.0006) (0.1334, 0.8960) * (0.7863, 0.1067) (0.8892, 0.1074) (0.9225, 0.6228) (1.0000, 0.9999) (0.9999, 0.9999) 
[08/20 17:15:25]   148/  200 (0.0006, 0.0007) (0.1894, 0.9011) (0.0004, 0.0005) (0.1480, 0.8975) * (0.7730, 0.1071) (0.8744, 0.1059) (0.9172, 0.6627) (1.0000, 1.0000) (0.9999, 0.9999) 
[08/20 17:15:37]   149/  200 (0.0006, 0.0007) (0.1423, 0.9004) (0.0004, 0.0006) (0.0975, 0.8957) * (0.8243, 0.1060) (0.9266, 0.1084) (0.9150, 0.6480) (1.0000, 0.9999) (0.9999, 0.9999) 
[08/20 17:16:01]   150/  200 (0.0006, 0.0007) (0.1225, 0.9002) (0.0005, 0.0005) (0.0765, 0.8962) * (0.8354, 0.1064) (0.9473, 0.1072) (0.9175, 0.6163) (1.0000, 0.9999) (0.9999, 0.9999) 
[08/20 17:16:14]   151/  200 (0.0006, 0.0008) (0.1613, 0.8997) (0.0004, 0.0006) (0.1243, 0.8953) * (0.8073, 0.1060) (0.8947, 0.1081) (0.9279, 0.6010) (1.0000, 0.9999) (0.9999, 0.9999) 
[08/20 17:16:26]   152/  200 (0.0006, 0.0007) (0.1581, 0.8998) (0.0004, 0.0005) (0.1199, 0.8961) * (0.8077, 0.1067) (0.8992, 0.1070) (0.9238, 0.6448) (1.0000, 1.0000) (0.9999, 0.9999) 
[08/20 17:16:47]   153/  200 (0.0007, 0.0007) (0.1252, 0.9007) (0.0005, 0.0006) (0.0801, 0.8957) * (0.8353, 0.1045) (0.9432, 0.1081) (0.9068, 0.6405) (1.0000, 0.9999) (0.9999, 0.9999) 
[08/20 17:16:59]   154/  200 (0.0006, 0.0007) (0.1591, 0.8995) (0.0004, 0.0006) (0.1087, 0.8954) * (0.7930, 0.1065) (0.9191, 0.1078) (0.9129, 0.6198) (1.0000, 0.9999) (0.9999, 0.9999) 
[08/20 17:17:12]   155/  200 (0.0006, 0.0008) (0.1233, 0.8991) (0.0004, 0.0006) (0.0830, 0.8941) * (0.8434, 0.1056) (0.9377, 0.1105) (0.9244, 0.6059) (1.0000, 0.9999) (0.9999, 0.9999) 
[08/20 17:17:29]   156/  200 (0.0006, 0.0007) (0.1388, 0.9002) (0.0004, 0.0005) (0.0944, 0.8967) * (0.8217, 0.1078) (0.9291, 0.1061) (0.9175, 0.6319) (1.0000, 0.9999) (0.9999, 0.9999) 
[08/20 17:17:41]   157/  200 (0.0006, 0.0007) (0.1451, 0.9003) (0.0004, 0.0006) (0.1009, 0.8964) * (0.8170, 0.1070) (0.9223, 0.1072) (0.9201, 0.6511) (1.0000, 0.9999) (0.9999, 0.9999) 
[08/20 17:18:02]   158/  200 (0.0006, 0.0007) (0.1556, 0.8998) (0.0004, 0.0005) (0.1124, 0.8963) * (0.8038, 0.1073) (0.9100, 0.1066) (0.9166, 0.6416) (1.0000, 0.9999) (0.9999, 0.9999) 
[08/20 17:18:14]   159/  200 (0.0006, 0.0007) (0.1336, 0.9003) (0.0004, 0.0005) (0.0890, 0.8947) * (0.8256, 0.1044) (0.9345, 0.1098) (0.9136, 0.6602) (1.0000, 1.0000) (0.9999, 0.9999) 
[08/20 17:18:35]   160/  200 (0.0006, 0.0007) (0.1091, 0.9002) (0.0004, 0.0006) (0.0620, 0.8965) * (0.8490, 0.1070) (0.9631, 0.1065) (0.9047, 0.6444) (1.0000, 0.9999) (0.9999, 0.9999) 
[08/20 17:18:47]   161/  200 (0.0006, 0.0007) (0.1360, 0.9002) (0.0004, 0.0006) (0.0906, 0.8965) * (0.8253, 0.1070) (0.9331, 0.1065) (0.9201, 0.6414) (1.0000, 0.9999) (0.9999, 0.9999) 
[08/20 17:18:59]   162/  200 (0.0006, 0.0008) (0.1284, 0.9002) (0.0004, 0.0006) (0.0849, 0.8960) * (0.8320, 0.1063) (0.9374, 0.1080) (0.9189, 0.6418) (1.0000, 0.9999) (0.9999, 0.9999) 
[08/20 17:19:23]   163/  200 (0.0006, 0.0007) (0.1135, 0.9010) (0.0004, 0.0005) (0.0726, 0.8979) * (0.8547, 0.1073) (0.9484, 0.1053) (0.9177, 0.6469) (1.0000, 1.0000) (0.9999, 0.9999) 
[08/20 17:19:35]   164/  200 (0.0006, 0.0007) (0.1563, 0.9008) (0.0004, 0.0005) (0.1188, 0.8972) * (0.8116, 0.1075) (0.9000, 0.1057) (0.9248, 0.6379) (1.0000, 1.0000) (0.9999, 0.9999) 
[08/20 17:19:47]   165/  200 (0.0006, 0.0007) (0.1311, 0.8996) (0.0004, 0.0005) (0.0887, 0.8958) * (0.8310, 0.1073) (0.9334, 0.1075) (0.9254, 0.6486) (1.0000, 1.0000) (0.9999, 0.9999) 
[08/20 17:20:05]   166/  200 (0.0006, 0.0007) (0.1286, 0.8998) (0.0004, 0.0005) (0.0867, 0.8963) * (0.8327, 0.1081) (0.9347, 0.1066) (0.9190, 0.6608) (1.0000, 1.0000) (1.0000, 0.9999) 
[08/20 17:20:17]   167/  200 (0.0006, 0.0007) (0.1014, 0.9009) (0.0004, 0.0005) (0.0623, 0.8978) * (0.8646, 0.1085) (0.9577, 0.1050) (0.9296, 0.6628) (1.0000, 1.0000) (0.9999, 0.9999) 
[08/20 17:20:30]   168/  200 (0.0006, 0.0007) (0.1434, 0.9008) (0.0004, 0.0005) (0.0997, 0.8974) * (0.8193, 0.1073) (0.9240, 0.1056) (0.9126, 0.6597) (1.0000, 1.0000) (0.9999, 0.9999) 
[08/20 17:20:53]   169/  200 (0.0006, 0.0007) (0.1409, 0.9007) (0.0004, 0.0005) (0.0998, 0.8978) * (0.8263, 0.1086) (0.9216, 0.1055) (0.9245, 0.6507) (1.0000, 1.0000) (1.0000, 0.9999) 
[08/20 17:21:05]   170/  200 (0.0006, 0.0008) (0.1324, 0.8998) (0.0004, 0.0006) (0.0853, 0.8964) * (0.8261, 0.1082) (0.9395, 0.1069) (0.8985, 0.6297) (1.0000, 0.9999) (0.9999, 0.9999) 
[08/20 17:21:18]   171/  200 (0.0006, 0.0007) (0.1379, 0.9001) (0.0004, 0.0005) (0.0960, 0.8964) * (0.8242, 0.1084) (0.9259, 0.1074) (0.9268, 0.6738) (1.0000, 1.0000) (1.0000, 0.9999) 
[08/20 17:21:39]   172/  200 (0.0006, 0.0007) (0.1651, 0.9007) (0.0004, 0.0005) (0.1252, 0.8975) * (0.8005, 0.1079) (0.8963, 0.1058) (0.9251, 0.6915) (1.0000, 1.0000) (1.0000, 0.9999) 
[08/20 17:21:54]   173/  200 (0.0006, 0.0007) (0.1414, 0.9004) (0.0004, 0.0005) (0.0967, 0.8968) * (0.8184, 0.1079) (0.9268, 0.1065) (0.9147, 0.6760) (1.0000, 1.0000) (1.0000, 0.9999) 
[08/20 17:22:06]   174/  200 (0.0006, 0.0007) (0.1251, 0.8996) (0.0004, 0.0005) (0.0872, 0.8959) * (0.8398, 0.1073) (0.9319, 0.1073) (0.9307, 0.6641) (1.0000, 1.0000) (1.0000, 0.9999) 
[08/20 17:22:22]   175/  200 (0.0006, 0.0007) (0.1803, 0.9000) (0.0004, 0.0005) (0.1401, 0.8961) * (0.7848, 0.1066) (0.8811, 0.1076) (0.9186, 0.6450) (1.0000, 0.9999) (1.0000, 0.9999) 
[08/20 17:22:36]   176/  200 (0.0006, 0.0007) (0.1440, 0.9004) (0.0004, 0.0005) (0.1072, 0.8967) * (0.8245, 0.1071) (0.9116, 0.1064) (0.9289, 0.6507) (1.0000, 1.0000) (1.0000, 0.9999) 
[08/20 17:22:48]   177/  200 (0.0006, 0.0008) (0.1435, 0.8997) (0.0004, 0.0006) (0.1019, 0.8961) * (0.8160, 0.1071) (0.9197, 0.1072) (0.9282, 0.6295) (1.0000, 0.9999) (1.0000, 0.9999) 
[08/20 17:23:08]   178/  200 (0.0006, 0.0007) (0.1222, 0.8998) (0.0004, 0.0005) (0.0817, 0.8963) * (0.8416, 0.1078) (0.9393, 0.1070) (0.9167, 0.6578) (1.0000, 0.9999) (1.0000, 0.9999) 
[08/20 17:23:20]   179/  200 (0.0006, 0.0007) (0.1458, 0.8999) (0.0004, 0.0005) (0.1063, 0.8960) * (0.8237, 0.1070) (0.9147, 0.1072) (0.9106, 0.6230) (1.0000, 0.9999) (1.0000, 0.9999) 
[08/20 17:23:32]   180/  200 (0.0006, 0.0007) (0.1633, 0.9002) (0.0004, 0.0005) (0.1194, 0.8966) * (0.7963, 0.1073) (0.9034, 0.1065) (0.9265, 0.6508) (1.0000, 1.0000) (0.9999, 0.9999) 
[08/20 17:23:53]   181/  200 (0.0006, 0.0007) (0.1633, 0.9001) (0.0004, 0.0005) (0.1211, 0.8967) * (0.7994, 0.1073) (0.9017, 0.1066) (0.9091, 0.6322) (1.0000, 1.0000) (1.0000, 0.9999) 
[08/20 17:24:05]   182/  200 (0.0006, 0.0008) (0.1473, 0.8997) (0.0004, 0.0006) (0.1091, 0.8960) * (0.8189, 0.1071) (0.9104, 0.1077) (0.9254, 0.6233) (1.0000, 0.9999) (1.0000, 0.9999) 
[08/20 17:24:17]   183/  200 (0.0006, 0.0007) (0.1357, 0.8998) (0.0004, 0.0005) (0.0942, 0.8961) * (0.8271, 0.1071) (0.9274, 0.1075) (0.9123, 0.6420) (1.0000, 1.0000) (1.0000, 0.9999) 
[08/20 17:24:38]   184/  200 (0.0006, 0.0007) (0.1600, 0.8999) (0.0004, 0.0005) (0.1194, 0.8964) * (0.8035, 0.1073) (0.9012, 0.1065) (0.9216, 0.6353) (1.0000, 0.9999) (1.0000, 0.9999) 
[08/20 17:24:50]   185/  200 (0.0006, 0.0007) (0.1285, 0.8999) (0.0004, 0.0006) (0.0895, 0.8962) * (0.8366, 0.1075) (0.9304, 0.1071) (0.9273, 0.6294) (1.0000, 1.0000) (1.0000, 0.9999) 
[08/20 17:25:06]   186/  200 (0.0006, 0.0007) (0.1168, 0.9006) (0.0004, 0.0005) (0.0772, 0.8977) * (0.8490, 0.1086) (0.9428, 0.1055) (0.9228, 0.6632) (1.0000, 1.0000) (1.0000, 0.9999) 
[08/20 17:25:23]   187/  200 (0.0006, 0.0007) (0.1442, 0.8998) (0.0004, 0.0005) (0.1075, 0.8957) * (0.8243, 0.1064) (0.9116, 0.1078) (0.9201, 0.6262) (1.0000, 0.9999) (1.0000, 0.9999) 
[08/20 17:25:36]   188/  200 (0.0006, 0.0007) (0.1486, 0.9006) (0.0004, 0.0005) (0.1066, 0.8977) * (0.8156, 0.1087) (0.9156, 0.1049) (0.9153, 0.6380) (1.0000, 1.0000) (1.0000, 0.9999) 
[08/20 17:25:57]   189/  200 (0.0006, 0.0007) (0.1274, 0.9002) (0.0004, 0.0005) (0.0852, 0.8964) * (0.8335, 0.1067) (0.9364, 0.1069) (0.9199, 0.6321) (1.0000, 1.0000) (1.0000, 0.9999) 
[08/20 17:26:09]   190/  200 (0.0006, 0.0008) (0.1377, 0.8996) (0.0004, 0.0006) (0.0965, 0.8955) * (0.8249, 0.1064) (0.9253, 0.1076) (0.9261, 0.6104) (1.0000, 0.9999) (1.0000, 0.9999) 
[08/20 17:26:21]   191/  200 (0.0006, 0.0007) (0.1491, 0.9002) (0.0004, 0.0006) (0.1151, 0.8969) * (0.8232, 0.1075) (0.9024, 0.1065) (0.9313, 0.6228) (1.0000, 0.9999) (1.0000, 0.9999) 
[08/20 17:26:42]   192/  200 (0.0006, 0.0007) (0.1636, 0.9000) (0.0004, 0.0005) (0.1245, 0.8966) * (0.7991, 0.1077) (0.8956, 0.1065) (0.9245, 0.6259) (1.0000, 1.0000) (1.0000, 0.9999) 
[08/20 17:26:54]   193/  200 (0.0006, 0.0007) (0.1574, 0.9003) (0.0004, 0.0005) (0.1198, 0.8969) * (0.8085, 0.1084) (0.8994, 0.1063) (0.9320, 0.6512) (1.0000, 1.0000) (1.0000, 0.9999) 
[08/20 17:27:06]   194/  200 (0.0006, 0.0007) (0.1614, 0.9009) (0.0004, 0.0005) (0.1239, 0.8981) * (0.8061, 0.1087) (0.8955, 0.1053) (0.9196, 0.6758) (1.0000, 1.0000) (1.0000, 0.9999) 
[08/20 17:27:27]   195/  200 (0.0006, 0.0008) (0.1447, 0.9005) (0.0004, 0.0006) (0.1058, 0.8973) * (0.8213, 0.1084) (0.9145, 0.1058) (0.9287, 0.6383) (1.0000, 0.9999) (1.0000, 0.9999) 
[08/20 17:27:39]   196/  200 (0.0006, 0.0007) (0.1154, 0.9007) (0.0004, 0.0005) (0.0755, 0.8973) * (0.8490, 0.1079) (0.9451, 0.1059) (0.9322, 0.6569) (1.0000, 1.0000) (1.0000, 0.9999) 
[08/20 17:28:00]   197/  200 (0.0006, 0.0007) (0.1359, 0.9012) (0.0004, 0.0005) (0.0968, 0.8985) * (0.8282, 0.1087) (0.9235, 0.1047) (0.9276, 0.6816) (1.0000, 1.0000) (1.0000, 0.9999) 
[08/20 17:28:12]   198/  200 (0.0006, 0.0007) (0.1304, 0.8999) (0.0004, 0.0005) (0.0899, 0.8960) * (0.8350, 0.1070) (0.9320, 0.1072) (0.9255, 0.6450) (1.0000, 1.0000) (1.0000, 0.9999) 
[08/20 17:28:24]   199/  200 (0.0006, 0.0007) (0.1246, 0.8998) (0.0004, 0.0005) (0.0857, 0.8964) * (0.8418, 0.1080) (0.9337, 0.1066) (0.9323, 0.6294) (1.0000, 1.0000) (1.0000, 0.9999) 
[08/20 17:28:48]   200/  200 (0.0006, 0.0007) (0.1281, 0.9007) (0.0004, 0.0005) (0.0906, 0.8977) * (0.8401, 0.1084) (0.9289, 0.1055) (0.9281, 0.6757) (1.0000, 1.0000) (1.0000, 0.9999) 
[08/20 17:28:49] [Fold 3] 학습 종료. best GUL(valid)=0.8882
[08/20 17:28:56] 전체 데이터셋(자연 비율) 로드 중...
[08/20 17:28:57] 병변 전용 데이터셋 로드 중...
[08/20 17:28:58] 전체 환자 수: 99
[08/20 17:28:58] [Fold 4]
[08/20 17:29:13]   train 환자 60명 (병변슬라이스 254 + 정상대표 254) / val 환자 20명 (자연비율 1150슬라이스) / test 환자 19명 (자연비율 985슬라이스)
[08/20 17:29:34]     1/  200 (0.0406, 0.0192) (0.9992, 0.9998) (0.3693, 0.2957) (0.9968, 0.9994) * (0.0005, 0.0000) (0.0570, 0.0000) (0.0008, 0.7083) (0.9804, 0.9997) (0.9801, 0.9996) 
[08/20 17:29:47]     2/  200 (0.0137, 0.0105) (0.9988, 0.9998) (0.2597, 0.2372) (0.9956, 0.9992) * (0.0939, 0.0388) (0.0747, 0.0221) (0.0790, 0.0802) (0.9996, 0.9995) (0.9993, 0.9995) 
[08/20 17:30:07]     3/  200 (0.0073, 0.0065) (0.9984, 0.9997) (0.2070, 0.1958) (0.9940, 0.9989) * (0.3145, 0.0379) (0.3172, 0.0354) (0.2560, 0.0820) (0.9996, 0.9984) (0.9994, 0.9983) 
[08/20 17:30:22]     4/  200 (0.0045, 0.0090) (0.9972, 0.9994) (0.1673, 0.1580) (0.9903, 0.9980) * (0.2413, 0.0255) (0.5809, 0.0633) (0.3049, 0.0415) (0.9990, 0.9922) (0.9989, 0.9922) 
[08/20 17:30:36]     5/  200 (0.0031, 0.0088) (0.9963, 0.9992) (0.1365, 0.1328) (0.9875, 0.9975) * (0.2285, 0.0166) (0.5776, 0.0837) (0.2828, 0.0241) (0.9989, 0.9933) (0.9988, 0.9933) 
[08/20 17:31:04]     6/  200 (0.0024, 0.0149) (0.9948, 0.9989) (0.1110, 0.1162) (0.9827, 0.9967) * (0.2330, 0.0107) (0.6828, 0.1056) (0.3318, 0.0158) (0.9989, 0.9896) (0.9989, 0.9895) 
[08/20 17:31:17]     7/  200 (0.0019, 0.0141) (0.9934, 0.9988) (0.0906, 0.1003) (0.9784, 0.9963) * (0.2565, 0.0240) (0.7518, 0.1079) (0.3524, 0.0384) (0.9991, 0.9924) (0.9990, 0.9924) 
[08/20 17:31:31]     8/  200 (0.0017, 0.0008) (0.9921, 0.9993) (0.0750, 0.0683) (0.9744, 0.9976) * (0.2464, 0.0581) (0.7384, 0.0801) (0.3421, 0.1908) (0.9990, 0.9996) (0.9990, 0.9995) 
[08/20 17:31:55]     9/  200 (0.0020, 0.0009) (0.9905, 0.9990) (0.0621, 0.0555) (0.9694, 0.9969) * (0.2421, 0.0454) (0.7549, 0.0817) (0.3197, 0.1832) (0.9988, 0.9994) (0.9987, 0.9993) 
[08/20 17:32:10]    10/  200 (0.0019, 0.0048) (0.9879, 0.9983) (0.0505, 0.0519) (0.9615, 0.9949) * (0.2367, 0.0332) (0.7751, 0.1064) (0.3279, 0.0639) (0.9989, 0.9971) (0.9989, 0.9971) 
[08/20 17:32:24]    11/  200 (0.0016, 0.0029) (0.9846, 0.9977) (0.0412, 0.0391) (0.9523, 0.9936) * (0.2528, 0.0429) (0.8240, 0.1038) (0.3614, 0.1152) (0.9992, 0.9986) (0.9992, 0.9985) 
[08/20 17:32:41]    12/  200 (0.0018, 0.0042) (0.9817, 0.9975) (0.0347, 0.0341) (0.9437, 0.9932) * (0.2582, 0.0281) (0.8280, 0.1075) (0.3623, 0.0647) (0.9991, 0.9979) (0.9991, 0.9978) 
[08/20 17:32:57]    13/  200 (0.0022, 0.0075) (0.9783, 0.9967) (0.0294, 0.0340) (0.9345, 0.9913) * (0.2475, 0.0310) (0.8306, 0.1157) (0.3520, 0.0486) (0.9989, 0.9966) (0.9989, 0.9966) 
[08/20 17:33:13]    14/  200 (0.0021, 0.0040) (0.9724, 0.9968) (0.0237, 0.0264) (0.9186, 0.9916) * (0.2617, 0.0476) (0.8308, 0.0989) (0.3710, 0.1707) (0.9991, 0.9984) (0.9990, 0.9984) 
[08/20 17:33:34]    15/  200 (0.0020, 0.0024) (0.9649, 0.9958) (0.0186, 0.0165) (0.8994, 0.9896) * (0.2866, 0.0278) (0.8696, 0.0994) (0.3991, 0.0337) (0.9992, 0.9991) (0.9992, 0.9990) 
[08/20 17:33:47]    16/  200 (0.0018, 0.0043) (0.9553, 0.9940) (0.0142, 0.0160) (0.8763, 0.9860) * (0.2983, 0.0343) (0.8529, 0.1099) (0.4128, 0.0675) (0.9993, 0.9986) (0.9993, 0.9986) 
[08/20 17:34:01]    17/  200 (0.0021, 0.0032) (0.9414, 0.9930) (0.0112, 0.0114) (0.8445, 0.9841) * (0.2968, 0.0408) (0.8670, 0.1087) (0.4007, 0.1173) (0.9993, 0.9989) (0.9992, 0.9989) 
[08/20 17:34:24]    18/  200 (0.0019, 0.0028) (0.9202, 0.9906) (0.0083, 0.0086) (0.8019, 0.9798) * (0.3309, 0.0285) (0.8354, 0.1143) (0.4529, 0.0440) (0.9994, 0.9991) (0.9994, 0.9991) 
[08/20 17:34:38]    19/  200 (0.0026, 0.0015) (0.8991, 0.9902) (0.0072, 0.0048) (0.7648, 0.9793) * (0.3312, 0.0594) (0.8021, 0.0881) (0.4378, 0.1979) (0.9992, 0.9995) (0.9992, 0.9994) 
[08/20 17:35:00]    20/  200 (0.0017, 0.0012) (0.8598, 0.9876) (0.0047, 0.0037) (0.6960, 0.9745) * (0.3809, 0.0545) (0.8523, 0.0995) (0.4933, 0.1256) (0.9995, 0.9997) (0.9995, 0.9996) 
[08/20 17:35:14]    21/  200 (0.0013, 0.0044) (0.8156, 0.9829) (0.0033, 0.0065) (0.6381, 0.9682) * (0.4176, 0.0611) (0.8664, 0.0965) (0.5427, 0.2555) (0.9997, 0.9990) (0.9996, 0.9989) 
[08/20 17:35:33]    22/  200 (0.0012, 0.0061) (0.7665, 0.9770) (0.0026, 0.0077) (0.5706, 0.9587) * (0.4512, 0.0439) (0.8426, 0.1134) (0.5654, 0.0690) (0.9997, 0.9988) (0.9997, 0.9987) 
[08/20 17:35:46]    23/  200 (0.0011, 0.0019) (0.7321, 0.9767) (0.0021, 0.0029) (0.5372, 0.9594) * (0.4795, 0.0571) (0.8523, 0.0931) (0.5899, 0.3259) (0.9998, 0.9996) (0.9997, 0.9996) 
[08/20 17:35:59]    24/  200 (0.0009, 0.0088) (0.6707, 0.9733) (0.0016, 0.0106) (0.4635, 0.9533) * (0.5286, 0.0359) (0.8727, 0.1158) (0.6407, 0.0596) (0.9998, 0.9977) (0.9998, 0.9977) 
[08/20 17:36:19]    25/  200 (0.0016, 0.0007) (0.6787, 0.9694) (0.0023, 0.0012) (0.4844, 0.9491) * (0.4609, 0.0706) (0.8413, 0.0973) (0.5657, 0.4127) (0.9997, 0.9999) (0.9996, 0.9999) 
[08/20 17:36:32]    26/  200 (0.0010, 0.0012) (0.6020, 0.9670) (0.0015, 0.0017) (0.4064, 0.9461) * (0.5380, 0.0574) (0.8742, 0.0965) (0.6490, 0.4936) (0.9998, 0.9998) (0.9998, 0.9998) 
[08/20 17:36:48]    27/  200 (0.0011, 0.0017) (0.5707, 0.9614) (0.0014, 0.0021) (0.3777, 0.9399) * (0.5624, 0.0630) (0.8809, 0.0972) (0.6605, 0.3779) (0.9998, 0.9997) (0.9998, 0.9997) 
[08/20 17:37:09]    28/  200 (0.0008, 0.0015) (0.5224, 0.9576) (0.0011, 0.0018) (0.3381, 0.9355) * (0.5952, 0.0668) (0.8709, 0.1004) (0.7310, 0.2699) (0.9999, 0.9997) (0.9998, 0.9997) 
[08/20 17:37:22]    29/  200 (0.0008, 0.0013) (0.4940, 0.9585) (0.0011, 0.0015) (0.3159, 0.9370) * (0.5887, 0.0627) (0.8686, 0.0950) (0.6967, 0.2555) (0.9999, 0.9998) (0.9998, 0.9998) 
[08/20 17:37:34]    30/  200 (0.0010, 0.0012) (0.4939, 0.9583) (0.0012, 0.0014) (0.3307, 0.9400) * (0.5541, 0.0639) (0.8378, 0.0828) (0.6819, 0.3966) (0.9998, 0.9998) (0.9998, 0.9998) 
[08/20 17:37:47]    31/  200 (0.0007, 0.0012) (0.4413, 0.9530) (0.0009, 0.0013) (0.2735, 0.9311) * (0.6141, 0.0617) (0.8771, 0.0957) (0.7341, 0.4118) (0.9999, 0.9999) (0.9998, 0.9998) 
[08/20 17:38:07]    32/  200 (0.0008, 0.0013) (0.4192, 0.9509) (0.0009, 0.0015) (0.2536, 0.9302) * (0.6195, 0.0723) (0.8856, 0.0955) (0.7289, 0.3625) (0.9999, 0.9998) (0.9998, 0.9998) 
[08/20 17:38:20]    33/  200 (0.0008, 0.0007) (0.4360, 0.9498) (0.0009, 0.0008) (0.2813, 0.9298) * (0.6039, 0.0665) (0.8441, 0.0925) (0.7146, 0.5670) (0.9999, 0.9999) (0.9998, 0.9999) 
[08/20 17:38:33]    34/  200 (0.0016, 0.0015) (0.4585, 0.9472) (0.0017, 0.0016) (0.3032, 0.9260) * (0.5568, 0.0636) (0.8555, 0.0972) (0.6606, 0.2795) (0.9997, 0.9998) (0.9997, 0.9997) 
[08/20 17:38:54]    35/  200 (0.0008, 0.0008) (0.4217, 0.9461) (0.0009, 0.0009) (0.2756, 0.9267) * (0.6020, 0.0690) (0.8529, 0.0936) (0.7391, 0.4166) (0.9999, 0.9999) (0.9998, 0.9999) 
[08/20 17:39:06]    36/  200 (0.0007, 0.0009) (0.3657, 0.9449) (0.0008, 0.0009) (0.2151, 0.9255) * (0.6616, 0.0682) (0.9036, 0.0943) (0.7796, 0.5152) (0.9999, 0.9999) (0.9999, 0.9999) 
[08/20 17:39:21]    37/  200 (0.0008, 0.0010) (0.3653, 0.9405) (0.0008, 0.0010) (0.2278, 0.9224) * (0.6284, 0.0762) (0.8804, 0.0938) (0.7278, 0.4420) (0.9999, 0.9999) (0.9999, 0.9999) 
[08/20 17:39:43]    38/  200 (0.0007, 0.0020) (0.3446, 0.9375) (0.0008, 0.0021) (0.2095, 0.9160) * (0.6544, 0.0734) (0.8883, 0.1072) (0.7640, 0.2642) (0.9999, 0.9997) (0.9999, 0.9997) 
[08/20 17:39:56]    39/  200 (0.0008, 0.0012) (0.3401, 0.9413) (0.0008, 0.0012) (0.2041, 0.9196) * (0.6543, 0.0665) (0.8913, 0.1037) (0.7701, 0.3483) (0.9999, 0.9999) (0.9999, 0.9998) 
[08/20 17:40:20]    40/  200 (0.0009, 0.0017) (0.3645, 0.9381) (0.0009, 0.0017) (0.2320, 0.9175) * (0.6208, 0.0667) (0.8713, 0.1026) (0.7258, 0.3101) (0.9999, 0.9998) (0.9998, 0.9997) 
[08/20 17:40:32]    41/  200 (0.0007, 0.0018) (0.3554, 0.9329) (0.0008, 0.0018) (0.2253, 0.9148) * (0.6255, 0.0774) (0.8810, 0.1008) (0.7562, 0.3234) (0.9999, 0.9998) (0.9999, 0.9997) 
[08/20 17:40:46]    42/  200 (0.0007, 0.0011) (0.3290, 0.9369) (0.0007, 0.0011) (0.2152, 0.9178) * (0.6580, 0.0702) (0.8645, 0.0992) (0.7784, 0.3484) (0.9999, 0.9999) (0.9999, 0.9998) 
[08/20 17:40:58]    43/  200 (0.0006, 0.0009) (0.3244, 0.9374) (0.0007, 0.0009) (0.2105, 0.9189) * (0.6582, 0.0689) (0.8710, 0.0985) (0.7716, 0.5081) (0.9999, 0.9999) (0.9999, 0.9999) 
[08/20 17:41:16]    44/  200 (0.0007, 0.0006) (0.3014, 0.9363) (0.0007, 0.0007) (0.1826, 0.9198) * (0.6793, 0.0709) (0.9008, 0.0940) (0.7969, 0.6816) (0.9999, 1.0000) (0.9999, 0.9999) 
[08/20 17:41:28]    45/  200 (0.0007, 0.0009) (0.2960, 0.9324) (0.0007, 0.0009) (0.1791, 0.9153) * (0.6798, 0.0806) (0.9003, 0.0998) (0.7995, 0.3544) (0.9999, 0.9999) (0.9999, 0.9999) 
[08/20 17:41:44]    46/  200 (0.0007, 0.0009) (0.2943, 0.9342) (0.0007, 0.0009) (0.1776, 0.9195) * (0.6805, 0.0733) (0.9018, 0.0921) (0.7992, 0.4744) (0.9999, 0.9999) (0.9999, 0.9999) 
[08/20 17:42:01]    47/  200 (0.0007, 0.0007) (0.3017, 0.9345) (0.0007, 0.0007) (0.1976, 0.9199) * (0.6766, 0.0713) (0.8685, 0.0920) (0.8202, 0.5980) (0.9999, 1.0000) (0.9999, 0.9999) 
[08/20 17:42:13]    48/  200 (0.0008, 0.0013) (0.3075, 0.9319) (0.0008, 0.0012) (0.2025, 0.9152) * (0.6546, 0.0764) (0.8631, 0.0979) (0.8201, 0.4555) (0.9999, 0.9999) (0.9999, 0.9999) 
[08/20 17:42:34]    49/  200 (0.0007, 0.0009) (0.2972, 0.9345) (0.0007, 0.0009) (0.1899, 0.9144) * (0.6743, 0.0687) (0.8854, 0.1031) (0.7949, 0.4693) (0.9999, 0.9999) (0.9999, 0.9999) 
[08/20 17:42:47]    50/  200 (0.0007, 0.0011) (0.2894, 0.9329) (0.0007, 0.0011) (0.1900, 0.9164) * (0.6792, 0.0731) (0.8723, 0.0970) (0.8079, 0.4567) (0.9999, 0.9999) (0.9999, 0.9999) 
[08/20 17:43:00]    51/  200 (0.0007, 0.0016) (0.2678, 0.9309) (0.0006, 0.0014) (0.1641, 0.9128) * (0.7023, 0.0718) (0.9028, 0.1020) (0.8060, 0.2816) (0.9999, 0.9999) (0.9999, 0.9998) 
[08/20 17:43:22]    52/  200 (0.0008, 0.0011) (0.2826, 0.9324) (0.0007, 0.0010) (0.1871, 0.9178) * (0.6874, 0.0693) (0.8772, 0.0937) (0.8178, 0.4874) (0.9999, 0.9999) (0.9999, 0.9999) 
[08/20 17:43:34]    53/  200 (0.0007, 0.0007) (0.2580, 0.9336) (0.0007, 0.0006) (0.1618, 0.9210) * (0.6995, 0.0710) (0.9006, 0.0884) (0.8215, 0.7103) (0.9999, 1.0000) (0.9999, 0.9999) 
[08/20 17:43:50]    54/  200 (0.0007, 0.0016) (0.2527, 0.9319) (0.0007, 0.0014) (0.1544, 0.9173) * (0.7101, 0.0729) (0.9035, 0.0931) (0.8402, 0.4213) (0.9999, 0.9999) (0.9999, 0.9998) 
[08/20 17:44:07]    55/  200 (0.0007, 0.0009) (0.2812, 0.9299) (0.0007, 0.0008) (0.1849, 0.9187) * (0.6735, 0.0744) (0.8723, 0.0893) (0.8124, 0.5136) (0.9999, 0.9999) (0.9999, 0.9999) 
[08/20 17:44:19]    56/  200 (0.0007, 0.0008) (0.2537, 0.9317) (0.0007, 0.0008) (0.1619, 0.9196) * (0.7053, 0.0738) (0.8948, 0.0898) (0.8157, 0.6025) (0.9999, 1.0000) (0.9999, 0.9999) 
[08/20 17:44:40]    57/  200 (0.0007, 0.0007) (0.2457, 0.9315) (0.0006, 0.0007) (0.1602, 0.9189) * (0.7250, 0.0711) (0.8925, 0.0903) (0.8330, 0.6980) (0.9999, 1.0000) (0.9999, 0.9999) 
[08/20 17:44:52]    58/  200 (0.0008, 0.0008) (0.2378, 0.9303) (0.0007, 0.0007) (0.1426, 0.9171) * (0.7187, 0.0685) (0.9154, 0.0916) (0.8406, 0.7299) (0.9999, 1.0000) (0.9999, 0.9999) 
[08/20 17:45:13]    59/  200 (0.0007, 0.0012) (0.2313, 0.9240) (0.0006, 0.0011) (0.1486, 0.9106) * (0.7319, 0.0840) (0.8996, 0.0997) (0.8533, 0.4648) (0.9999, 0.9999) (0.9999, 0.9999) 
[08/20 17:45:28]    60/  200 (0.0007, 0.0008) (0.2214, 0.9303) (0.0006, 0.0008) (0.1286, 0.9230) * (0.7380, 0.0817) (0.9273, 0.0817) (0.8359, 0.6580) (0.9999, 1.0000) (0.9999, 0.9999) 
[08/20 17:45:43]    61/  200 (0.0008, 0.0007) (0.2758, 0.9328) (0.0007, 0.0006) (0.1891, 0.9218) * (0.6812, 0.0706) (0.8683, 0.0858) (0.8042, 0.7999) (0.9999, 1.0000) (0.9999, 0.9999) 
[08/20 17:46:01]    62/  200 (0.0007, 0.0010) (0.2807, 0.9277) (0.0007, 0.0009) (0.1919, 0.9142) * (0.6679, 0.0796) (0.8636, 0.0956) (0.8191, 0.5528) (0.9999, 0.9999) (0.9999, 0.9999) 
[08/20 17:46:13]    63/  200 (0.0007, 0.0011) (0.2518, 0.9223) (0.0006, 0.0010) (0.1687, 0.9091) * (0.7028, 0.0826) (0.8820, 0.1008) (0.8501, 0.4890) (0.9999, 0.9999) (0.9999, 0.9999) 
[08/20 17:46:34]    64/  200 (0.0006, 0.0008) (0.2225, 0.9265) (0.0006, 0.0008) (0.1407, 0.9143) * (0.7327, 0.0768) (0.9084, 0.0946) (0.8646, 0.6326) (0.9999, 1.0000) (0.9999, 0.9999) 
[08/20 17:46:46]    65/  200 (0.0006, 0.0007) (0.2369, 0.9310) (0.0006, 0.0006) (0.1570, 0.9227) * (0.7220, 0.0750) (0.8902, 0.0830) (0.8652, 0.7569) (0.9999, 1.0000) (0.9999, 0.9999) 
[08/20 17:47:10]    66/  200 (0.0008, 0.0017) (0.2345, 0.9206) (0.0007, 0.0014) (0.1483, 0.9064) * (0.7187, 0.0791) (0.9037, 0.1044) (0.8366, 0.4270) (0.9999, 0.9999) (0.9999, 0.9998) 
[08/20 17:47:23]    67/  200 (0.0007, 0.0007) (0.2343, 0.9268) (0.0006, 0.0007) (0.1541, 0.9161) * (0.7167, 0.0790) (0.8948, 0.0914) (0.8559, 0.6955) (0.9999, 1.0000) (0.9999, 0.9999) 
[08/20 17:47:39]    68/  200 (0.0007, 0.0012) (0.2405, 0.9260) (0.0006, 0.0010) (0.1555, 0.9106) * (0.7054, 0.0776) (0.8961, 0.1016) (0.8339, 0.4149) (0.9999, 0.9999) (0.9999, 0.9999) 
[08/20 17:47:59]    69/  200 (0.0007, 0.0008) (0.1891, 0.9249) (0.0006, 0.0007) (0.1148, 0.9138) * (0.7713, 0.0825) (0.9269, 0.0945) (0.8578, 0.6451) (0.9999, 1.0000) (0.9999, 0.9999) 
[08/20 17:48:11]    70/  200 (0.0006, 0.0008) (0.2448, 0.9246) (0.0006, 0.0007) (0.1738, 0.9152) * (0.7091, 0.0851) (0.8721, 0.0915) (0.8639, 0.6041) (0.9999, 1.0000) (0.9999, 0.9999) 
[08/20 17:48:23]    71/  200 (0.0006, 0.0008) (0.2243, 0.9249) (0.0005, 0.0007) (0.1623, 0.9147) * (0.7431, 0.0760) (0.8721, 0.0927) (0.8893, 0.6654) (0.9999, 1.0000) (0.9999, 0.9999) 
[08/20 17:48:38]    72/  200 (0.0006, 0.0008) (0.1721, 0.9230) (0.0005, 0.0007) (0.0998, 0.9154) * (0.7883, 0.0832) (0.9421, 0.0899) (0.8721, 0.7124) (0.9999, 1.0000) (0.9999, 0.9999) 
[08/20 17:48:59]    73/  200 (0.0006, 0.0008) (0.2041, 0.9256) (0.0005, 0.0007) (0.1374, 0.9173) * (0.7565, 0.0786) (0.9016, 0.0886) (0.8773, 0.7131) (0.9999, 1.0000) (0.9999, 0.9999) 
[08/20 17:49:11]    74/  200 (0.0006, 0.0008) (0.1725, 0.9244) (0.0005, 0.0007) (0.1065, 0.9143) * (0.7891, 0.0789) (0.9314, 0.0929) (0.8851, 0.6763) (0.9999, 1.0000) (0.9999, 0.9999) 
[08/20 17:49:23]    75/  200 (0.0006, 0.0008) (0.2144, 0.9264) (0.0005, 0.0007) (0.1468, 0.9188) * (0.7497, 0.0766) (0.8923, 0.0863) (0.8623, 0.7215) (0.9999, 1.0000) (0.9999, 0.9999) 
[08/20 17:49:46]    76/  200 (0.0007, 0.0007) (0.2339, 0.9267) (0.0006, 0.0007) (0.1594, 0.9190) * (0.7151, 0.0770) (0.8842, 0.0861) (0.8531, 0.7425) (0.9999, 1.0000) (0.9999, 0.9999) 
[08/20 17:49:59]    77/  200 (0.0007, 0.0008) (0.2274, 0.9270) (0.0006, 0.0007) (0.1619, 0.9175) * (0.7239, 0.0752) (0.8743, 0.0887) (0.8628, 0.6657) (0.9999, 1.0000) (0.9999, 0.9999) 
[08/20 17:50:11]    78/  200 (0.0007, 0.0009) (0.1868, 0.9260) (0.0005, 0.0008) (0.1148, 0.9176) * (0.7682, 0.0778) (0.9264, 0.0880) (0.8779, 0.6110) (0.9999, 1.0000) (0.9999, 0.9999) 
[08/20 17:50:25]    79/  200 (0.0006, 0.0008) (0.1868, 0.9252) (0.0005, 0.0007) (0.1168, 0.9164) * (0.7661, 0.0800) (0.9237, 0.0896) (0.8751, 0.6606) (0.9999, 1.0000) (0.9999, 0.9999) 
[08/20 17:50:39]    80/  200 (0.0006, 0.0009) (0.1712, 0.9234) (0.0005, 0.0008) (0.1002, 0.9144) * (0.7819, 0.0839) (0.9391, 0.0924) (0.8692, 0.5900) (0.9999, 1.0000) (0.9999, 0.9999) 
[08/20 17:50:51]    81/  200 (0.0006, 0.0008) (0.1728, 0.9272) (0.0005, 0.0007) (0.1123, 0.9196) * (0.7853, 0.0770) (0.9199, 0.0850) (0.8888, 0.6957) (0.9999, 1.0000) (0.9999, 0.9999) 
[08/20 17:51:12]    82/  200 (0.0006, 0.0008) (0.1819, 0.9270) (0.0005, 0.0007) (0.1189, 0.9201) * (0.7746, 0.0771) (0.9170, 0.0845) (0.8806, 0.7134) (0.9999, 1.0000) (0.9999, 0.9999) 
[08/20 17:51:24]    83/  200 (0.0006, 0.0008) (0.1999, 0.9249) (0.0005, 0.0007) (0.1420, 0.9177) * (0.7647, 0.0767) (0.8908, 0.0869) (0.8927, 0.7328) (0.9999, 1.0000) (0.9999, 0.9999) 
[08/20 17:51:39]    84/  200 (0.0006, 0.0009) (0.1969, 0.9248) (0.0005, 0.0007) (0.1396, 0.9171) * (0.7638, 0.0818) (0.8916, 0.0883) (0.8789, 0.6464) (0.9999, 1.0000) (0.9999, 0.9999) 
[08/20 17:51:52]    85/  200 (0.0006, 0.0009) (0.1750, 0.9233) (0.0005, 0.0008) (0.1162, 0.9151) * (0.7885, 0.0810) (0.9173, 0.0911) (0.8865, 0.6423) (0.9999, 1.0000) (0.9999, 0.9999) 
[08/20 17:52:04]    86/  200 (0.0006, 0.0009) (0.1686, 0.9219) (0.0005, 0.0008) (0.1048, 0.9131) * (0.7857, 0.0843) (0.9294, 0.0927) (0.8922, 0.6292) (0.9999, 1.0000) (0.9999, 0.9999) 
[08/20 17:52:25]    87/  200 (0.0006, 0.0009) (0.1905, 0.9253) (0.0005, 0.0008) (0.1306, 0.9179) * (0.7674, 0.0806) (0.9032, 0.0860) (0.8843, 0.6352) (0.9999, 1.0000) (0.9999, 0.9999) 
[08/20 17:52:38]    88/  200 (0.0007, 0.0011) (0.1962, 0.9249) (0.0006, 0.0010) (0.1301, 0.9135) * (0.7595, 0.0758) (0.9081, 0.0960) (0.8555, 0.4698) (0.9999, 0.9999) (0.9999, 0.9999) 
[08/20 17:52:54]    89/  200 (0.0007, 0.0008) (0.1878, 0.9246) (0.0006, 0.0007) (0.1195, 0.9156) * (0.7613, 0.0766) (0.9198, 0.0899) (0.8638, 0.7367) (0.9999, 1.0000) (0.9999, 0.9999) 
[08/20 17:53:11]    90/  200 (0.0006, 0.0008) (0.1911, 0.9263) (0.0005, 0.0006) (0.1254, 0.9178) * (0.7676, 0.0768) (0.9169, 0.0882) (0.8793, 0.7595) (0.9999, 1.0000) (0.9999, 0.9999) 
[08/20 17:53:26]    91/  200 (0.0006, 0.0008) (0.2084, 0.9231) (0.0005, 0.0007) (0.1530, 0.9160) * (0.7485, 0.0808) (0.8766, 0.0889) (0.8880, 0.6862) (0.9999, 1.0000) (0.9999, 0.9999) 
[08/20 17:53:44]    92/  200 (0.0006, 0.0008) (0.1732, 0.9245) (0.0005, 0.0007) (0.1190, 0.9174) * (0.7918, 0.0836) (0.9098, 0.0871) (0.9021, 0.6497) (0.9999, 1.0000) (0.9999, 0.9999) 
[08/20 17:53:56]    93/  200 (0.0006, 0.0008) (0.1768, 0.9238) (0.0005, 0.0007) (0.1208, 0.9166) * (0.7806, 0.0794) (0.9105, 0.0889) (0.8893, 0.6927) (0.9999, 1.0000) (0.9999, 0.9999) 
[08/20 17:54:20]    94/  200 (0.0006, 0.0008) (0.1692, 0.9221) (0.0005, 0.0007) (0.1111, 0.9139) * (0.7868, 0.0787) (0.9205, 0.0913) (0.8892, 0.6766) (0.9999, 1.0000) (0.9999, 0.9999) 
[08/20 17:54:32]    95/  200 (0.0006, 0.0008) (0.1825, 0.9234) (0.0005, 0.0007) (0.1269, 0.9169) * (0.7785, 0.0819) (0.9050, 0.0884) (0.8999, 0.7282) (0.9999, 1.0000) (0.9999, 0.9999) 
[08/20 17:54:44]    96/  200 (0.0006, 0.0009) (0.1589, 0.9233) (0.0005, 0.0008) (0.1055, 0.9158) * (0.8052, 0.0788) (0.9241, 0.0893) (0.9092, 0.6617) (0.9999, 1.0000) (0.9999, 0.9999) 
[08/20 17:55:01]    97/  200 (0.0006, 0.0009) (0.2020, 0.9233) (0.0005, 0.0008) (0.1486, 0.9156) * (0.7622, 0.0791) (0.8819, 0.0893) (0.8966, 0.6508) (0.9999, 1.0000) (0.9999, 0.9999) 
[08/20 17:55:20]    98/  200 (0.0006, 0.0009) (0.2005, 0.9218) (0.0005, 0.0008) (0.1464, 0.9140) * (0.7570, 0.0784) (0.8835, 0.0914) (0.8797, 0.6352) (0.9999, 1.0000) (0.9999, 0.9999) 
[08/20 17:55:32]    99/  200 (0.0006, 0.0009) (0.1624, 0.9249) (0.0005, 0.0007) (0.1100, 0.9183) * (0.8022, 0.0803) (0.9195, 0.0861) (0.8961, 0.6735) (0.9999, 1.0000) (0.9999, 0.9999) 
[08/20 17:55:45]   100/  200 (0.0006, 0.0009) (0.1372, 0.9230) (0.0005, 0.0007) (0.0828, 0.9154) * (0.8240, 0.0803) (0.9482, 0.0901) (0.8888, 0.6483) (0.9999, 1.0000) (0.9999, 0.9999) 
[08/20 17:56:10]   101/  200 (0.0006, 0.0009) (0.1811, 0.9233) (0.0005, 0.0007) (0.1304, 0.9159) * (0.7785, 0.0802) (0.8998, 0.0893) (0.8990, 0.7064) (0.9999, 1.0000) (0.9999, 0.9999) 
[08/20 17:56:22]   102/  200 (0.0006, 0.0010) (0.1735, 0.9224) (0.0005, 0.0008) (0.1174, 0.9127) * (0.7838, 0.0815) (0.9143, 0.0945) (0.8747, 0.5171) (0.9999, 1.0000) (0.9999, 0.9999) 
[08/20 17:56:35]   103/  200 (0.0006, 0.0009) (0.1245, 0.9233) (0.0005, 0.0007) (0.0746, 0.9161) * (0.8387, 0.0769) (0.9518, 0.0891) (0.9102, 0.7169) (0.9999, 1.0000) (0.9999, 0.9999) 
[08/20 17:56:56]   104/  200 (0.0006, 0.0008) (0.1509, 0.9231) (0.0005, 0.0007) (0.0996, 0.9169) * (0.8078, 0.0786) (0.9286, 0.0868) (0.9051, 0.7373) (0.9999, 1.0000) (0.9999, 0.9999) 
[08/20 17:57:08]   105/  200 (0.0006, 0.0008) (0.1536, 0.9222) (0.0004, 0.0007) (0.1076, 0.9155) * (0.8106, 0.0816) (0.9160, 0.0900) (0.9090, 0.7326) (1.0000, 1.0000) (0.9999, 0.9999) 
[08/20 17:57:20]   106/  200 (0.0006, 0.0008) (0.1545, 0.9240) (0.0004, 0.0006) (0.1088, 0.9164) * (0.8109, 0.0770) (0.9154, 0.0892) (0.8859, 0.7859) (1.0000, 1.0000) (0.9999, 0.9999) 
[08/20 17:57:41]   107/  200 (0.0006, 0.0009) (0.1710, 0.9216) (0.0005, 0.0007) (0.1195, 0.9147) * (0.7888, 0.0806) (0.9080, 0.0913) (0.9010, 0.7297) (1.0000, 1.0000) (0.9999, 0.9999) 
[08/20 17:57:54]   108/  200 (0.0007, 0.0009) (0.1670, 0.9256) (0.0005, 0.0007) (0.1110, 0.9192) * (0.7908, 0.0839) (0.9198, 0.0846) (0.8807, 0.6937) (0.9999, 1.0000) (0.9999, 0.9999) 
[08/20 17:58:15]   109/  200 (0.0006, 0.0009) (0.1585, 0.9219) (0.0005, 0.0007) (0.1066, 0.9143) * (0.8029, 0.0816) (0.9235, 0.0912) (0.9062, 0.6832) (0.9999, 1.0000) (0.9999, 0.9999) 
[08/20 17:58:27]   110/  200 (0.0006, 0.0008) (0.1840, 0.9226) (0.0004, 0.0007) (0.1427, 0.9151) * (0.7843, 0.0788) (0.8795, 0.0908) (0.9101, 0.7179) (1.0000, 1.0000) (0.9999, 0.9999) 
[08/20 17:58:45]   111/  200 (0.0006, 0.0009) (0.1484, 0.9218) (0.0004, 0.0007) (0.0996, 0.9137) * (0.8112, 0.0772) (0.9263, 0.0924) (0.9072, 0.7044) (1.0000, 1.0000) (0.9999, 0.9999) 
[08/20 17:58:57]   112/  200 (0.0006, 0.0009) (0.1478, 0.9226) (0.0004, 0.0007) (0.1040, 0.9167) * (0.8168, 0.0814) (0.9190, 0.0875) (0.9154, 0.7073) (1.0000, 1.0000) (0.9999, 0.9999) 
[08/20 17:59:10]   113/  200 (0.0006, 0.0009) (0.1780, 0.9223) (0.0005, 0.0007) (0.1284, 0.9151) * (0.7844, 0.0793) (0.9012, 0.0898) (0.9089, 0.6800) (0.9999, 1.0000) (0.9999, 0.9999) 
[08/20 17:59:33]   114/  200 (0.0006, 0.0010) (0.1472, 0.9206) (0.0004, 0.0008) (0.0983, 0.9141) * (0.8139, 0.0827) (0.9274, 0.0915) (0.9083, 0.6613) (1.0000, 1.0000) (0.9999, 0.9999) 
[08/20 17:59:46]   115/  200 (0.0006, 0.0009) (0.1688, 0.9229) (0.0004, 0.0007) (0.1237, 0.9164) * (0.7944, 0.0785) (0.8999, 0.0874) (0.9013, 0.6576) (1.0000, 1.0000) (0.9999, 0.9999) 
[08/20 17:59:58]   116/  200 (0.0006, 0.0010) (0.1537, 0.9215) (0.0004, 0.0008) (0.1114, 0.9152) * (0.8165, 0.0831) (0.9111, 0.0894) (0.9174, 0.6255) (1.0000, 1.0000) (0.9999, 0.9999) 
[08/20 18:00:10]   117/  200 (0.0006, 0.0010) (0.1419, 0.9222) (0.0004, 0.0008) (0.0974, 0.9154) * (0.8205, 0.0789) (0.9254, 0.0892) (0.9128, 0.6517) (1.0000, 1.0000) (0.9999, 0.9999) 
[08/20 18:00:23]   118/  200 (0.0006, 0.0010) (0.1350, 0.9215) (0.0004, 0.0008) (0.0878, 0.9152) * (0.8299, 0.0801) (0.9378, 0.0893) (0.9139, 0.6457) (1.0000, 1.0000) (0.9999, 0.9999) 
[08/20 18:00:43]   119/  200 (0.0006, 0.0009) (0.1478, 0.9227) (0.0004, 0.0007) (0.1043, 0.9164) * (0.8154, 0.0802) (0.9183, 0.0879) (0.9146, 0.7208) (1.0000, 1.0000) (0.9999, 0.9999) 
[08/20 18:00:56]   120/  200 (0.0006, 0.0009) (0.1690, 0.9231) (0.0004, 0.0007) (0.1270, 0.9174) * (0.7987, 0.0817) (0.8966, 0.0862) (0.9088, 0.6995) (1.0000, 1.0000) (1.0000, 0.9999) 
[08/20 18:01:11]   121/  200 (0.0006, 0.0009) (0.1493, 0.9230) (0.0004, 0.0007) (0.1045, 0.9178) * (0.8157, 0.0826) (0.9195, 0.0850) (0.9061, 0.7235) (1.0000, 1.0000) (0.9999, 0.9999) 
[08/20 18:01:29]   122/  200 (0.0006, 0.0009) (0.1681, 0.9233) (0.0004, 0.0007) (0.1271, 0.9187) * (0.8010, 0.0833) (0.8945, 0.0834) (0.9181, 0.7160) (1.0000, 1.0000) (0.9999, 0.9999) 
[08/20 18:01:41]   123/  200 (0.0006, 0.0009) (0.1490, 0.9219) (0.0004, 0.0007) (0.1067, 0.9136) * (0.8172, 0.0783) (0.9153, 0.0922) (0.9142, 0.6694) (1.0000, 1.0000) (0.9999, 0.9999) 
[08/20 18:02:02]   124/  200 (0.0006, 0.0009) (0.1385, 0.9221) (0.0004, 0.0007) (0.0929, 0.9156) * (0.8273, 0.0798) (0.9316, 0.0894) (0.9170, 0.7075) (1.0000, 1.0000) (0.9999, 0.9999) 
[08/20 18:02:14]   125/  200 (0.0006, 0.0010) (0.1542, 0.9200) (0.0004, 0.0008) (0.1104, 0.9131) * (0.8094, 0.0855) (0.9134, 0.0918) (0.9161, 0.6298) (1.0000, 1.0000) (0.9999, 0.9999) 
[08/20 18:02:26]   126/  200 (0.0006, 0.0009) (0.1709, 0.9224) (0.0004, 0.0007) (0.1341, 0.9170) * (0.7983, 0.0849) (0.8844, 0.0860) (0.9147, 0.6931) (1.0000, 1.0000) (1.0000, 0.9999) 
[08/20 18:02:47]   127/  200 (0.0006, 0.0009) (0.1380, 0.9222) (0.0004, 0.0007) (0.0972, 0.9163) * (0.8291, 0.0809) (0.9244, 0.0879) (0.9177, 0.6866) (1.0000, 1.0000) (0.9999, 0.9999) 
[08/20 18:02:59]   128/  200 (0.0006, 0.0012) (0.1518, 0.9206) (0.0004, 0.0009) (0.1093, 0.9136) * (0.8137, 0.0813) (0.9133, 0.0921) (0.9111, 0.5777) (1.0000, 0.9999) (1.0000, 0.9999) 
[08/20 18:03:20]   129/  200 (0.0006, 0.0010) (0.1375, 0.9212) (0.0004, 0.0008) (0.0913, 0.9149) * (0.8267, 0.0806) (0.9345, 0.0894) (0.9015, 0.6529) (1.0000, 1.0000) (1.0000, 0.9999) 
[08/20 18:03:32]   130/  200 (0.0006, 0.0011) (0.1431, 0.9231) (0.0004, 0.0008) (0.0980, 0.9144) * (0.8196, 0.0759) (0.9256, 0.0923) (0.9191, 0.6474) (1.0000, 1.0000) (0.9999, 0.9999) 
[08/20 18:03:44]   131/  200 (0.0006, 0.0010) (0.1162, 0.9221) (0.0004, 0.0008) (0.0742, 0.9165) * (0.8504, 0.0813) (0.9489, 0.0881) (0.9156, 0.6766) (1.0000, 1.0000) (1.0000, 0.9999) 
[08/20 18:04:05]   132/  200 (0.0006, 0.0010) (0.1258, 0.9219) (0.0004, 0.0008) (0.0852, 0.9165) * (0.8385, 0.0812) (0.9361, 0.0876) (0.9198, 0.6902) (1.0000, 1.0000) (1.0000, 0.9999) 
[08/20 18:04:17]   133/  200 (0.0006, 0.0011) (0.1251, 0.9211) (0.0004, 0.0008) (0.0834, 0.9146) * (0.8393, 0.0800) (0.9387, 0.0897) (0.9205, 0.6631) (1.0000, 1.0000) (1.0000, 0.9999) 
[08/20 18:04:31]   134/  200 (0.0006, 0.0010) (0.1644, 0.9221) (0.0004, 0.0007) (0.1218, 0.9171) * (0.8008, 0.0823) (0.9017, 0.0864) (0.9041, 0.6898) (1.0000, 1.0000) (1.0000, 0.9999) 
[08/20 18:04:50]   135/  200 (0.0006, 0.0010) (0.1547, 0.9217) (0.0004, 0.0007) (0.1113, 0.9157) * (0.8100, 0.0808) (0.9125, 0.0890) (0.9072, 0.6560) (1.0000, 1.0000) (1.0000, 0.9999) 
[08/20 18:05:03]   136/  200 (0.0006, 0.0011) (0.1296, 0.9211) (0.0004, 0.0008) (0.0953, 0.9146) * (0.8407, 0.0795) (0.9217, 0.0901) (0.9081, 0.6423) (1.0000, 1.0000) (1.0000, 0.9999) 
[08/20 18:05:26]   137/  200 (0.0006, 0.0011) (0.1690, 0.9211) (0.0004, 0.0008) (0.1308, 0.9141) * (0.7993, 0.0789) (0.8890, 0.0904) (0.9156, 0.6451) (1.0000, 1.0000) (1.0000, 0.9999) 
[08/20 18:05:39]   138/  200 (0.0006, 0.0010) (0.1659, 0.9227) (0.0004, 0.0007) (0.1254, 0.9173) * (0.7988, 0.0818) (0.8959, 0.0875) (0.9184, 0.6692) (1.0000, 1.0000) (1.0000, 0.9999) 
[08/20 18:05:51]   139/  200 (0.0006, 0.0010) (0.1385, 0.9211) (0.0004, 0.0008) (0.0969, 0.9152) * (0.8263, 0.0803) (0.9246, 0.0893) (0.9153, 0.6630) (1.0000, 1.0000) (0.9999, 0.9999) 
[08/20 18:06:12]   140/  200 (0.0006, 0.0010) (0.1251, 0.9228) (0.0004, 0.0008) (0.0843, 0.9165) * (0.8438, 0.0790) (0.9367, 0.0874) (0.9129, 0.6744) (1.0000, 1.0000) (1.0000, 0.9999) 
[08/20 18:06:24]   141/  200 (0.0006, 0.0010) (0.1450, 0.9211) (0.0004, 0.0008) (0.1029, 0.9155) * (0.8219, 0.0813) (0.9192, 0.0884) (0.9079, 0.6597) (1.0000, 1.0000) (1.0000, 0.9999) 
[08/20 18:06:36]   142/  200 (0.0006, 0.0009) (0.1499, 0.9220) (0.0004, 0.0007) (0.1102, 0.9163) * (0.8170, 0.0807) (0.9108, 0.0875) (0.9265, 0.6897) (1.0000, 1.0000) (1.0000, 0.9999) 
[08/20 18:06:57]   143/  200 (0.0006, 0.0009) (0.1250, 0.9235) (0.0004, 0.0007) (0.0864, 0.9185) * (0.8466, 0.0794) (0.9352, 0.0848) (0.9212, 0.6953) (1.0000, 1.0000) (1.0000, 0.9999) 
[08/20 18:07:09]   144/  200 (0.0006, 0.0010) (0.1674, 0.9220) (0.0004, 0.0008) (0.1279, 0.9160) * (0.8010, 0.0803) (0.8932, 0.0875) (0.9164, 0.6614) (1.0000, 1.0000) (1.0000, 0.9999) 
[08/20 18:07:25]   145/  200 (0.0006, 0.0010) (0.1534, 0.9222) (0.0004, 0.0008) (0.1117, 0.9171) * (0.8080, 0.0823) (0.9108, 0.0870) (0.9145, 0.6591) (1.0000, 1.0000) (1.0000, 0.9999) 
[08/20 18:07:42]   146/  200 (0.0006, 0.0010) (0.1438, 0.9218) (0.0004, 0.0008) (0.1082, 0.9151) * (0.8287, 0.0793) (0.9108, 0.0905) (0.9260, 0.6627) (1.0000, 1.0000) (1.0000, 0.9999) 
[08/20 18:07:54]   147/  200 (0.0006, 0.0010) (0.1399, 0.9219) (0.0004, 0.0008) (0.1014, 0.9166) * (0.8286, 0.0816) (0.9189, 0.0868) (0.9136, 0.6652) (1.0000, 1.0000) (1.0000, 0.9999) 
[08/20 18:08:15]   148/  200 (0.0006, 0.0010) (0.1275, 0.9219) (0.0004, 0.0008) (0.0813, 0.9174) * (0.8338, 0.0837) (0.9445, 0.0854) (0.9099, 0.6588) (1.0000, 1.0000) (1.0000, 0.9999) 
[08/20 18:08:28]   149/  200 (0.0006, 0.0010) (0.1387, 0.9214) (0.0004, 0.0008) (0.1060, 0.9156) * (0.8345, 0.0808) (0.9104, 0.0885) (0.9309, 0.6628) (1.0000, 1.0000) (1.0000, 0.9999) 
[08/20 18:08:40]   150/  200 (0.0006, 0.0010) (0.1820, 0.9224) (0.0004, 0.0007) (0.1443, 0.9184) * (0.7877, 0.0840) (0.8765, 0.0841) (0.9177, 0.6863) (1.0000, 1.0000) (1.0000, 0.9999) 
[08/20 18:09:01]   151/  200 (0.0006, 0.0012) (0.1540, 0.9208) (0.0004, 0.0009) (0.1145, 0.9148) * (0.8121, 0.0831) (0.9057, 0.0900) (0.9231, 0.5807) (1.0000, 0.9999) (1.0000, 0.9999) 
[08/20 18:09:14]   152/  200 (0.0006, 0.0010) (0.1525, 0.9225) (0.0004, 0.0007) (0.1125, 0.9172) * (0.8142, 0.0817) (0.9095, 0.0870) (0.9084, 0.6896) (1.0000, 1.0000) (1.0000, 0.9999) 
[08/20 18:09:31]   153/  200 (0.0006, 0.0010) (0.1657, 0.9219) (0.0004, 0.0007) (0.1319, 0.9163) * (0.8059, 0.0841) (0.8864, 0.0885) (0.9263, 0.6451) (1.0000, 1.0000) (1.0000, 0.9999) 
[08/20 18:09:47]   154/  200 (0.0006, 0.0011) (0.1335, 0.9217) (0.0004, 0.0008) (0.0962, 0.9159) * (0.8316, 0.0840) (0.9225, 0.0872) (0.9347, 0.5956) (1.0000, 1.0000) (1.0000, 0.9999) 
[08/20 18:10:05]   155/  200 (0.0006, 0.0010) (0.1477, 0.9220) (0.0004, 0.0008) (0.1142, 0.9164) * (0.8245, 0.0841) (0.9033, 0.0876) (0.9127, 0.6512) (1.0000, 1.0000) (1.0000, 0.9999) 
[08/20 18:10:17]   156/  200 (0.0006, 0.0011) (0.1211, 0.9206) (0.0004, 0.0008) (0.0818, 0.9149) * (0.8438, 0.0850) (0.9384, 0.0893) (0.9322, 0.6009) (1.0000, 1.0000) (1.0000, 0.9999) 
[08/20 18:10:38]   157/  200 (0.0006, 0.0011) (0.1319, 0.9212) (0.0004, 0.0008) (0.0958, 0.9156) * (0.8380, 0.0848) (0.9228, 0.0884) (0.9294, 0.6109) (1.0000, 1.0000) (1.0000, 0.9999) 
[08/20 18:10:50]   158/  200 (0.0006, 0.0011) (0.1233, 0.9218) (0.0004, 0.0008) (0.0878, 0.9163) * (0.8519, 0.0850) (0.9309, 0.0882) (0.9226, 0.6419) (1.0000, 1.0000) (1.0000, 0.9999) 
[08/20 18:11:02]   159/  200 (0.0006, 0.0011) (0.1392, 0.9214) (0.0004, 0.0008) (0.1040, 0.9149) * (0.8331, 0.0836) (0.9146, 0.0900) (0.9213, 0.6387) (1.0000, 1.0000) (1.0000, 0.9999) 
[08/20 18:11:23]   160/  200 (0.0006, 0.0010) (0.1519, 0.9213) (0.0004, 0.0008) (0.1152, 0.9157) * (0.8194, 0.0841) (0.9046, 0.0874) (0.9250, 0.6552) (1.0000, 1.0000) (1.0000, 0.9999) 
[08/20 18:11:35]   161/  200 (0.0006, 0.0011) (0.1611, 0.9216) (0.0004, 0.0008) (0.1198, 0.9156) * (0.8059, 0.0842) (0.9032, 0.0889) (0.9080, 0.6486) (1.0000, 1.0000) (1.0000, 0.9999) 
[08/20 18:11:51]   162/  200 (0.0006, 0.0011) (0.1325, 0.9215) (0.0004, 0.0008) (0.0942, 0.9158) * (0.8355, 0.0837) (0.9256, 0.0880) (0.9286, 0.6237) (1.0000, 1.0000) (1.0000, 0.9999) 
[08/20 18:12:08]   163/  200 (0.0006, 0.0010) (0.1509, 0.9214) (0.0004, 0.0008) (0.1176, 0.9158) * (0.8227, 0.0850) (0.8992, 0.0888) (0.9173, 0.6770) (1.0000, 1.0000) (1.0000, 0.9999) 
[08/20 18:12:21]   164/  200 (0.0006, 0.0010) (0.1295, 0.9225) (0.0004, 0.0008) (0.0943, 0.9177) * (0.8397, 0.0821) (0.9236, 0.0850) (0.9314, 0.6508) (1.0000, 1.0000) (1.0000, 0.9999) 
[08/20 18:12:44]   165/  200 (0.0006, 0.0010) (0.1777, 0.9222) (0.0004, 0.0007) (0.1433, 0.9172) * (0.7914, 0.0815) (0.8742, 0.0859) (0.9140, 0.6648) (1.0000, 1.0000) (1.0000, 0.9999) 
[08/20 18:12:57]   166/  200 (0.0006, 0.0010) (0.1525, 0.9216) (0.0004, 0.0008) (0.1153, 0.9161) * (0.8159, 0.0847) (0.9049, 0.0884) (0.9156, 0.6664) (1.0000, 1.0000) (1.0000, 0.9999) 
[08/20 18:13:09]   167/  200 (0.0006, 0.0010) (0.1491, 0.9217) (0.0004, 0.0007) (0.1159, 0.9166) * (0.8244, 0.0849) (0.9010, 0.0879) (0.9189, 0.6733) (1.0000, 1.0000) (1.0000, 0.9999) 
[08/20 18:13:27]   168/  200 (0.0006, 0.0010) (0.1529, 0.9219) (0.0004, 0.0007) (0.1188, 0.9168) * (0.8200, 0.0816) (0.8992, 0.0877) (0.9240, 0.6907) (1.0000, 1.0000) (1.0000, 0.9999) 
[08/20 18:13:39]   169/  200 (0.0006, 0.0010) (0.1307, 0.9220) (0.0004, 0.0008) (0.0983, 0.9169) * (0.8419, 0.0813) (0.9182, 0.0865) (0.9377, 0.6723) (1.0000, 1.0000) (1.0000, 0.9999) 
[08/20 18:13:51]   170/  200 (0.0006, 0.0010) (0.1199, 0.9221) (0.0004, 0.0008) (0.0875, 0.9166) * (0.8543, 0.0802) (0.9292, 0.0870) (0.9414, 0.6580) (1.0000, 1.0000) (1.0000, 0.9999) 
[08/20 18:14:12]   171/  200 (0.0006, 0.0012) (0.1385, 0.9205) (0.0004, 0.0009) (0.1044, 0.9136) * (0.8332, 0.0820) (0.9137, 0.0924) (0.9226, 0.6192) (1.0000, 1.0000) (1.0000, 0.9999) 
[08/20 18:14:24]   172/  200 (0.0006, 0.0011) (0.1271, 0.9207) (0.0004, 0.0008) (0.0920, 0.9155) * (0.8469, 0.0872) (0.9262, 0.0879) (0.9110, 0.6143) (1.0000, 1.0000) (1.0000, 0.9999) 
[08/20 18:14:38]   173/  200 (0.0006, 0.0011) (0.1531, 0.9221) (0.0004, 0.0008) (0.1179, 0.9174) * (0.8177, 0.0841) (0.9011, 0.0865) (0.9226, 0.6555) (1.0000, 1.0000) (1.0000, 0.9999) 
[08/20 18:15:00]   174/  200 (0.0005, 0.0011) (0.1455, 0.9203) (0.0004, 0.0008) (0.1113, 0.9148) * (0.8260, 0.0836) (0.9061, 0.0900) (0.9386, 0.6540) (1.0000, 1.0000) (1.0000, 0.9999) 
[08/20 18:15:12]   175/  200 (0.0006, 0.0010) (0.1380, 0.9213) (0.0004, 0.0008) (0.1041, 0.9163) * (0.8385, 0.0844) (0.9137, 0.0880) (0.9150, 0.6774) (1.0000, 1.0000) (1.0000, 0.9999) 
[08/20 18:15:36]   176/  200 (0.0005, 0.0011) (0.1370, 0.9207) (0.0004, 0.0008) (0.1043, 0.9156) * (0.8356, 0.0842) (0.9126, 0.0890) (0.9319, 0.6464) (1.0000, 1.0000) (1.0000, 0.9999) 
[08/20 18:15:48]   177/  200 (0.0006, 0.0011) (0.1331, 0.9209) (0.0004, 0.0008) (0.0960, 0.9156) * (0.8384, 0.0836) (0.9233, 0.0882) (0.9277, 0.6700) (1.0000, 1.0000) (1.0000, 0.9999) 
[08/20 18:16:09]   178/  200 (0.0006, 0.0011) (0.1507, 0.9216) (0.0004, 0.0008) (0.1173, 0.9163) * (0.8195, 0.0836) (0.8995, 0.0882) (0.9092, 0.6561) (1.0000, 1.0000) (1.0000, 0.9999) 
[08/20 18:16:22]   179/  200 (0.0006, 0.0011) (0.1297, 0.9202) (0.0004, 0.0008) (0.0934, 0.9147) * (0.8385, 0.0837) (0.9254, 0.0896) (0.9076, 0.6464) (1.0000, 1.0000) (1.0000, 0.9999) 
[08/20 18:16:41]   180/  200 (0.0006, 0.0010) (0.1007, 0.9214) (0.0004, 0.0008) (0.0642, 0.9159) * (0.8695, 0.0812) (0.9548, 0.0880) (0.9288, 0.6799) (1.0000, 1.0000) (1.0000, 0.9999) 
[08/20 18:16:55]   181/  200 (0.0006, 0.0010) (0.1296, 0.9223) (0.0004, 0.0008) (0.0956, 0.9176) * (0.8418, 0.0816) (0.9220, 0.0855) (0.9232, 0.6788) (1.0000, 1.0000) (1.0000, 0.9999) 
[08/20 18:17:07]   182/  200 (0.0006, 0.0010) (0.1328, 0.9225) (0.0004, 0.0007) (0.0990, 0.9176) * (0.8403, 0.0814) (0.9188, 0.0856) (0.9350, 0.6855) (1.0000, 1.0000) (1.0000, 0.9999) 
[08/20 18:17:25]   183/  200 (0.0006, 0.0011) (0.1290, 0.9227) (0.0004, 0.0008) (0.0992, 0.9178) * (0.8474, 0.0812) (0.9159, 0.0859) (0.9314, 0.6650) (1.0000, 1.0000) (1.0000, 0.9999) 
[08/20 18:17:37]   184/  200 (0.0006, 0.0011) (0.1391, 0.9231) (0.0004, 0.0008) (0.1039, 0.9183) * (0.8310, 0.0809) (0.9142, 0.0853) (0.9133, 0.6645) (1.0000, 1.0000) (1.0000, 0.9999) 
[08/20 18:17:56]   185/  200 (0.0006, 0.0011) (0.1373, 0.9225) (0.0004, 0.0008) (0.1053, 0.9168) * (0.8369, 0.0795) (0.9113, 0.0865) (0.9305, 0.6746) (1.0000, 1.0000) (1.0000, 0.9999) 
[08/20 18:18:10]   186/  200 (0.0006, 0.0011) (0.1383, 0.9223) (0.0004, 0.0008) (0.1070, 0.9168) * (0.8342, 0.0804) (0.9094, 0.0874) (0.9289, 0.6516) (1.0000, 1.0000) (1.0000, 0.9999) 
[08/20 18:18:22]   187/  200 (0.0006, 0.0010) (0.1328, 0.9225) (0.0004, 0.0007) (0.1005, 0.9175) * (0.8436, 0.0816) (0.9153, 0.0861) (0.9275, 0.6966) (1.0000, 1.0000) (1.0000, 0.9999) 
[08/20 18:18:43]   188/  200 (0.0006, 0.0010) (0.1320, 0.9224) (0.0004, 0.0007) (0.0969, 0.9175) * (0.8363, 0.0815) (0.9205, 0.0855) (0.9278, 0.6721) (1.0000, 1.0000) (1.0000, 0.9999) 
[08/20 18:18:55]   189/  200 (0.0006, 0.0011) (0.1147, 0.9221) (0.0004, 0.0008) (0.0822, 0.9168) * (0.8587, 0.0806) (0.9341, 0.0865) (0.9387, 0.6581) (1.0000, 1.0000) (1.0000, 0.9999) 
[08/20 18:19:08]   190/  200 (0.0005, 0.0010) (0.1405, 0.9221) (0.0004, 0.0008) (0.1072, 0.9171) * (0.8320, 0.0812) (0.9099, 0.0867) (0.9367, 0.6727) (1.0000, 1.0000) (1.0000, 0.9999) 
[08/20 18:19:28]   191/  200 (0.0006, 0.0011) (0.1551, 0.9206) (0.0004, 0.0008) (0.1187, 0.9149) * (0.8135, 0.0841) (0.9013, 0.0896) (0.9128, 0.6145) (1.0000, 1.0000) (1.0000, 0.9999) 
[08/20 18:19:40]   192/  200 (0.0005, 0.0011) (0.1333, 0.9211) (0.0004, 0.0008) (0.1039, 0.9154) * (0.8405, 0.0846) (0.9107, 0.0892) (0.9424, 0.6527) (1.0000, 1.0000) (1.0000, 0.9999) 
[08/20 18:20:01]   193/  200 (0.0006, 0.0011) (0.1475, 0.9217) (0.0004, 0.0008) (0.1175, 0.9163) * (0.8301, 0.0842) (0.8984, 0.0873) (0.9283, 0.6308) (1.0000, 1.0000) (1.0000, 0.9999) 
[08/20 18:20:14]   194/  200 (0.0005, 0.0010) (0.1329, 0.9222) (0.0004, 0.0007) (0.0971, 0.9175) * (0.8371, 0.0818) (0.9221, 0.0860) (0.9121, 0.6725) (1.0000, 1.0000) (1.0000, 0.9999) 
[08/20 18:20:26]   195/  200 (0.0006, 0.0011) (0.0998, 0.9222) (0.0004, 0.0008) (0.0651, 0.9169) * (0.8751, 0.0806) (0.9529, 0.0864) (0.9139, 0.6582) (1.0000, 1.0000) (1.0000, 0.9999) 
[08/20 18:20:49]   196/  200 (0.0006, 0.0011) (0.1452, 0.9216) (0.0004, 0.0008) (0.1115, 0.9160) * (0.8256, 0.0801) (0.9058, 0.0879) (0.9309, 0.6690) (1.0000, 1.0000) (1.0000, 0.9999) 
[08/20 18:21:02]   197/  200 (0.0006, 0.0011) (0.1429, 0.9215) (0.0004, 0.0008) (0.1127, 0.9163) * (0.8364, 0.0812) (0.9030, 0.0876) (0.9258, 0.6730) (1.0000, 1.0000) (1.0000, 0.9999) 
[08/20 18:21:14]   198/  200 (0.0005, 0.0011) (0.1213, 0.9216) (0.0004, 0.0008) (0.0912, 0.9161) * (0.8549, 0.0808) (0.9238, 0.0876) (0.9313, 0.6518) (1.0000, 1.0000) (1.0000, 0.9999) 
[08/20 18:21:26]   199/  200 (0.0006, 0.0011) (0.1394, 0.9217) (0.0004, 0.0008) (0.1091, 0.9166) * (0.8343, 0.0817) (0.9055, 0.0871) (0.9289, 0.6730) (1.0000, 1.0000) (1.0000, 0.9999) 
[08/20 18:21:38]   200/  200 (0.0006, 0.0011) (0.1160, 0.9220) (0.0004, 0.0008) (0.0828, 0.9167) * (0.8599, 0.0811) (0.9346, 0.0877) (0.9290, 0.6628) (1.0000, 1.0000) (1.0000, 0.9999) 
[08/20 18:21:39] [Fold 4] 학습 종료. best GUL(valid)=0.9064
